날짜,팀,선수명,타점,득점,타석,타수,안타,볼넷,사구,삼진,2루타,3루타,홈런,희번,희비,병살타,타격방해,고의사구,page_id,단타,TB,Outs,타율,출루율,장타율,OPS,순출루율,순장타율,K%,BB%,BB/K,BABIP,SecA,PA/HR,AB/HR,GPA,RC,RC/27,XR,TAVG,연도,home_stadium,FinalPF,wOBA,wRAA,wRC+,stint_id,ST,SB,CS,병살상황,병살비율,희생번트 성공,희생번트 실패,희번성공 비율
2025-10-04,KIA,고종욱,16,13,123,115,34,5,0,17,2,0,3,0,3,2,0,1,699428,29,45,86,0.295652174,0.317073171,0.391304348,0.708377519,0.021420997,0.095652174,0.138211382,0.040650407,0.294117647,0.316326531,0.139130435,41,38.33333333,0.240509014,11.953125,3.752725291,26.334,0.581395349,2025,광주,0.998740259,0.318294592,-1.757512629,88.38208448,,3,2,1,26,7.7,0,0,0
2025-10-04,KIA,김규성,16,30,222,193,45,21,2,49,4,0,3,5,1,1,0,0,2704538,38,58,155,0.233160622,0.313364055,0.300518135,0.61388219,0.080203434,0.067357513,0.220720721,0.094594595,0.428571429,0.295774648,0.176165803,74,64.33333333,0.216143359,14.44081633,2.515497038,38.328,0.522580645,2025,광주,0.998740259,0.294301503,-7.409589693,72.69382695,,7,5,2,53,1.9,5,1,83.3
2025-10-04,KIA,김기훈,0,0,1,1,0,0,0,1,0,0,0,0,0,0,0,0,2459864,0,0,1,0,0,0,0,0,0,1,0,0,0,0,0,0,0,0,0,-0.098,0,2025,광주,0.998740259,0,-0.267509419,-119.7398326,,0,0,0,1,0,0,0,0
2025-10-04,KIA,김도영,27,20,122,110,34,10,0,23,9,0,7,0,2,3,0,1,3196494,18,64,81,0.309090909,0.360655738,0.581818182,0.94247392,0.051564829,0.272727273,0.18852459,0.081967213,0.434782609,0.329268293,0.363636364,17.42857143,15.71428571,0.307749627,18.90909091,6.303030303,31.016,0.913580247,2025,광주,0.998740259,0.411670446,7.319617101,149.4373531,,3,3,0,31,9.7,0,0,0
2025-10-04,KIA,김석환,16,14,134,117,31,14,2,55,1,2,2,0,1,0,0,0,1987500,26,42,87,0.264957265,0.350746269,0.358974359,0.709720628,0.085789004,0.094017094,0.410447761,0.104477612,0.254545455,0.475409836,0.213675214,67,58.5,0.247579411,12.88,3.997241379,21.89,0.666666667,2025,광주,0.998740259,0.334492932,-0.187875804,98.97362335,,0,0,0,26,0,0,0,0
2025-10-04,KIA,김선빈,46,31,308,271,87,31,3,35,18,1,3,2,1,8,0,0,222661,65,116,195,0.32103321,0.395424837,0.42804428,0.823469117,0.074391626,0.10701107,0.113636364,0.100649351,0.885714286,0.358974359,0.221402214,102.6666667,90.33333333,0.284952247,37.30994152,5.165991903,69.85,0.769230769,2025,광주,0.998740259,0.382569434,11.34838943,130.4091995,,4,4,0,69,13,2,0,100
2025-10-04,KIA,김태군,31,20,274,236,61,17,10,20,10,1,5,8,3,9,0,1,289623,45,88,195,0.258474576,0.330827068,0.372881356,0.703708424,0.072352491,0.11440678,0.072992701,0.062043796,0.85,0.261682243,0.186440678,54.8,47.2,0.242092519,19.88039867,2.752670585,57.12,0.58974359,2025,광주,0.998740259,0.326493077,-2.127987781,93.74279271,,0,0,0,44,20.5,8,0,100
2025-10-04,KIA,김호령,39,46,381,332,94,34,6,94,26,3,6,8,1,4,0,0,1146368,59,144,251,0.28313253,0.35924933,0.43373494,0.79298427,0.0761168,0.15060241,0.24671916,0.089238845,0.361702128,0.377682403,0.253012048,63.5,55.33333333,0.270095933,41.3871734,4.4520067,76.538,0.733067729,2025,광주,0.998740259,0.364704493,8.623129431,118.7279272,,13,12,1,68,5.9,8,3,72.7
2025-10-04,KIA,나성범,36,30,310,261,70,42,6,79,16,0,10,0,1,6,0,1,678785,44,116,198,0.268199234,0.380645161,0.444444444,0.825089606,0.112445928,0.176245211,0.25483871,0.135483871,0.53164557,0.346820809,0.337164751,31,26.1,0.282401434,35.96648045,4.904520061,64.638,0.828282828,2025,광주,0.998740259,0.380560837,10.92671614,129.0958465,,0,0,0,63,9.5,0,0,0
2025-10-04,KIA,박민,6,11,105,94,19,5,3,33,5,0,1,3,0,1,0,0,2825638,13,27,79,0.20212766,0.264705882,0.287234043,0.551939925,0.062578223,0.085106383,0.314285714,0.047619048,0.151515152,0.3,0.138297872,105,94,0.190926158,5.495575221,1.878234569,14.556,0.443037975,2025,광주,0.998740259,0.261874722,-6.213249272,51.49106652,,1,1,0,17,5.9,3,0,100
2025-10-04,KIA,박재현,3,11,69,62,5,6,0,26,1,0,0,0,1,0,0,0,3977734,4,6,58,0.080645161,0.15942029,0.096774194,0.256194483,0.078775129,0.016129032,0.376811594,0.086956522,0.230769231,0.135135135,0.112903226,0,0,0.095932679,0.8,0.372413793,5.372,0.206896552,2025,광주,0.998740259,0.136870491,-10.94488229,-30.24491293,,7,4,3,13,0,0,0,0
2025-10-04,KIA,박정우,4,17,75,62,17,10,3,12,2,0,0,0,0,1,0,0,2966764,15,19,46,0.274193548,0.4,0.306451613,0.706451613,0.125806452,0.032258065,0.16,0.133333333,0.833333333,0.34,0.193548387,0,0,0.256612903,6.261363636,3.675148221,14.784,0.695652174,2025,광주,0.998740259,0.349758755,0.80570524,108.9554218,,3,2,1,22,4.5,0,3,0
2025-10-04,KIA,박찬호,42,75,595,516,148,62,3,69,18,2,5,8,6,7,0,0,1138034,123,185,389,0.286821705,0.36286201,0.358527132,0.721389142,0.076040305,0.071705426,0.115966387,0.104201681,0.898550725,0.319196429,0.191860465,119,103.2,0.252919688,53.81818182,3.735452208,125.938,0.642673522,2025,광주,0.998740259,0.340176803,1.856263875,102.6901119,,33,27,6,106,6.6,8,0,100
2025-10-04,KIA,박헌,0,0,14,12,1,1,1,3,0,0,0,0,0,0,0,0,4087955,1,1,11,0.083333333,0.214285714,0.083333333,0.297619048,0.130952381,0,0.214285714,0.071428571,0.333333333,0.111111111,0.083333333,0,0,0.117261905,0.1875,0.460227273,1.606,0.272727273,2025,광주,0.998740259,0.173813282,-1.809240697,-6.089288882,,0,0,0,2,0,0,0,0
2025-10-04,KIA,변우혁,17,11,153,142,31,10,1,47,7,0,0,0,0,3,0,0,2487143,24,38,114,0.218309859,0.274509804,0.267605634,0.542115438,0.056199945,0.049295775,0.307189542,0.065359477,0.212765957,0.326315789,0.11971831,0,0,0.19043082,9.036585366,2.140243902,20.824,0.429824561,2025,광주,0.998740259,0.258893507,-9.416464761,49.54175254,,0,0,0,27,11.1,0,0,0
2025-10-04,KIA,서건창,2,1,26,22,3,2,0,5,1,0,1,2,0,1,0,0,455152,1,7,22,0.136363636,0.208333333,0.318181818,0.526515152,0.071969697,0.181818182,0.192307692,0.076923077,0.4,0.125,0.272727273,26,22,0.173295455,0.5,0.613636364,3.82,0.409090909,2025,광주,0.998740259,0.241901381,-1.951655778,38.43118413,,1,1,0,8,12.5,2,0,100
2025-10-04,KIA,오선우,56,58,474,437,116,34,3,158,17,1,18,0,0,11,0,2,2506627,80,189,332,0.265446224,0.32278481,0.432494279,0.755279089,0.057338586,0.167048055,0.333333333,0.071729958,0.215189873,0.375478927,0.244851259,26.33333333,24.27777778,0.253376734,52.52054795,4.271249381,86.716,0.680722892,2025,광주,0.998740259,0.342993568,2.540953517,104.531898,,2,0,2,110,10,0,0,0
2025-10-04,KIA,위즈덤,85,73,486,424,100,52,4,142,20,1,35,0,6,9,0,2,3937109,44,227,339,0.235849057,0.320987654,0.535377358,0.856365013,0.085138598,0.299528302,0.29218107,0.106995885,0.366197183,0.256916996,0.422169811,13.88571429,12.11428571,0.278288784,59.05350554,4.703376547,108.054,0.83480826,2025,광주,0.998740259,0.375948025,15.34677598,126.0796872,,3,3,0,131,6.9,0,0,0
2025-10-04,KIA,윤도현,17,24,160,149,41,8,1,36,7,2,6,2,0,1,0,0,3638750,26,70,111,0.275167785,0.316455696,0.469798658,0.786254354,0.041287911,0.194630872,0.225,0.05,0.222222222,0.327102804,0.248322148,26.66666667,24.83333333,0.259854728,19.46745562,4.735327043,34.482,0.711711712,2025,광주,0.998740259,0.353611544,2.209254448,111.4746285,,3,2,1,31,3.2,2,0,100
2025-10-04,KIA,이창진,9,11,113,93,15,16,2,22,3,0,1,1,1,2,0,0,1593128,11,21,82,0.161290323,0.294642857,0.225806452,0.520449309,0.133352535,0.064516129,0.194690265,0.14159292,0.727272727,0.197183099,0.23655914,113,93,0.189040899,4.648854962,1.530720536,17.774,0.475609756,2025,광주,0.998740259,0.263933328,-6.501575792,52.83711867,,2,0,2,15,13.3,1,1,50
2025-10-04,KIA,정해원,0,5,46,40,3,5,1,14,0,0,0,0,0,4,0,0,4079732,3,3,41,0.075,0.195652174,0.075,0.270652174,0.120652174,0,0.304347826,0.108695652,0.357142857,0.115384615,0.125,0,0,0.106793478,0.288461538,0.189962477,2.758,0.219512195,2025,광주,0.998740259,0.157332795,-6.547759767,-16.86531367,,0,0,0,13,30.8,0,0,0
2025-10-04,KIA,정현창,0,4,21,19,5,2,0,5,0,0,0,0,0,0,0,0,4063300,5,5,14,0.263157895,0.333333333,0.263157895,0.596491228,0.070175439,0,0.238095238,0.095238095,0.4,0.357142857,0.105263158,0,0,0.215789474,1.52173913,2.934782609,3.5,0.5,2025,광주,0.998740259,0.291625246,-0.745618409,70.58431842,1,1,0,1,2,0,0,0,0
2025-10-04,KIA,주효상,1,1,17,15,5,2,0,4,2,0,0,0,0,0,0,0,1524652,3,7,10,0.333333333,0.411764706,0.466666667,0.878431373,0.078431373,0.133333333,0.235294118,0.117647059,0.5,0.454545455,0.266666667,0,0,0.301960784,2.578947368,6.963157895,3.768,0.9,2025,광주,0.998740259,0.404607124,0.924419265,144.8188891,,0,0,0,5,0,0,1,0
2025-10-04,KIA,최정용,0,0,6,6,1,0,0,2,0,0,0,0,0,1,0,0,1588097,1,1,6,0.166666667,0.166666667,0.166666667,0.333333333,0,0,0.333333333,0,0,0.25,0,0,0,0.116666667,0,0,0.204,0.166666667,2025,광주,0.998740259,0.155090369,-0.864759457,-18.33155952,,0,0,0,1,100,0,0,0
2025-10-04,KIA,최형우,86,74,549,469,144,67,8,98,30,1,24,0,5,9,0,8,223389,89,248,339,0.307036247,0.398907104,0.528784648,0.927691752,0.091870856,0.221748401,0.178506375,0.122040073,0.683673469,0.340909091,0.364605544,22.875,19.54166667,0.311704359,81.47435897,6.489108237,135.826,0.95280236,2025,광주,0.998740259,0.413203637,33.60791256,150.4398541,,1,1,0,116,7.8,0,0,0
2025-10-04,KIA,한승택,0,3,23,21,5,1,1,7,1,0,0,0,0,1,0,0,912207,4,6,17,0.238095238,0.304347826,0.285714286,0.590062112,0.066252588,0.047619048,0.304347826,0.043478261,0.142857143,0.357142857,0.095238095,0,0,0.208385093,1.44,2.287058824,3.154,0.470588235,2025,광주,0.998740259,0.284028272,-0.955637247,65.97651345,,0,0,0,8,12.5,0,1,0
2025-10-04,KIA,한준수,26,33,276,244,55,26,3,48,12,1,7,0,3,4,0,1,1797505,35,90,196,0.225409836,0.304347826,0.368852459,0.673200285,0.07893799,0.143442623,0.173913043,0.094202899,0.541666667,0.25,0.25,39.42857143,34.85714286,0.229169636,22.72131148,3.129976581,54.646,0.607142857,2025,광주,0.998740259,0.310087395,-5.745766042,83.01568005,,0,0,0,54,7.4,0,0,0
2025-10-04,KIA,황대인,8,3,57,53,10,3,0,14,3,0,1,0,1,0,0,0,1146337,6,16,44,0.188679245,0.228070175,0.301886792,0.529956968,0.03939093,0.113207547,0.245614035,0.052631579,0.214285714,0.230769231,0.169811321,57,53,0.178103277,3.2,1.963636364,9.228,0.431818182,2025,광주,0.998740259,0.242268932,-4.26196279,38.67151306,,0,0,0,11,0,0,0,0
2025-10-04,KT,강민성,1,0,36,30,1,5,0,15,0,0,0,0,1,1,0,0,3624657,1,1,31,0.033333333,0.166666667,0.033333333,0.2,0.133333333,0,0.416666667,0.138888889,0.333333333,0.0625,0.166666667,0,0,0.083333333,0.097560976,0.084972463,1.99,0.193548387,2025,수원,1.028768231,0.128030277,-5.963556744,-39.0280224,,0,0,0,8,12.5,0,0,0
2025-10-04,KT,강백호,61,41,369,321,85,44,3,64,18,1,15,0,1,9,0,3,1882039,51,150,246,0.264797508,0.357723577,0.46728972,0.825013297,0.092926069,0.202492212,0.173441734,0.119241192,0.6875,0.288065844,0.339563863,24.6,21.4,0.27779804,43.99038462,4.828212946,83.058,0.800813008,2025,수원,1.028768231,0.373082408,10.8109522,121.203161,,6,2,4,80,11.3,0,0,0
2025-10-04,KT,강현우,8,5,78,64,12,10,0,14,1,0,1,3,1,1,0,0,2698085,10,16,57,0.1875,0.293333333,0.25,0.543333333,0.105833333,0.0625,0.179487179,0.128205128,0.714285714,0.22,0.21875,78,64,0.1945,3.090909091,1.464114833,12.728,0.456140351,2025,수원,1.028768231,0.267549193,-4.263437187,52.19861172,,0,0,0,14,7.1,3,0,100
2025-10-04,KT,권동진,25,34,309,271,61,30,1,91,12,3,1,6,1,8,0,0,2852168,45,82,225,0.225092251,0.303630363,0.302583026,0.606213389,0.078538112,0.077490775,0.294498382,0.097087379,0.32967033,0.333333333,0.188191882,309,271,0.21227942,18.57058824,2.228470588,45.682,0.502222222,2025,수원,1.028768231,0.288586064,-11.7183533,65.95390019,,4,3,1,66,12.1,6,2,75
2025-10-04,KT,김건형,0,0,1,1,0,0,0,0,0,0,0,0,0,0,0,0,2851758,0,0,1,0,0,0,0,0,0,0,0,0,0,0,0,0,0,0,0,0.09,0,2025,수원,1.028768231,0,-0.267509419,-122.7426298,,0,0,0,,8.8,,,73.1
2025-10-04,KT,김민혁,35,52,417,380,109,25,7,41,12,2,0,4,1,12,0,1,1501479,95,125,288,0.286842105,0.341404358,0.328947368,0.670351727,0.054562253,0.042105263,0.098321343,0.059952038,0.609756098,0.320588235,0.107894737,0,0,0.235868803,34.52115813,3.236358575,81.782,0.545138889,2025,수원,1.028768231,0.316539267,-6.540718723,84.2315409,,14,11,3,90,13.3,4,5,44.4
2025-10-04,KT,김병준,0,2,5,5,1,0,0,2,0,0,0,0,0,0,0,0,3681530,1,1,4,0.2,0.2,0.2,0.4,0,0,0.4,0,0,0.333333333,0,0,0,0.14,0.2,1.35,0.484,0.25,2025,수원,1.028768231,0.186108443,-0.597250039,-1.052702079,,0,0,0,1,0,0,1,0
2025-10-04,KT,김상수,47,42,423,355,90,52,4,57,14,0,5,5,7,8,0,1,299583,71,119,285,0.253521127,0.349282297,0.335211268,0.684493564,0.09576117,0.081690141,0.134751773,0.122931442,0.912280702,0.283333333,0.228169014,84.6,71,0.24097985,31.30271399,2.965520272,84.694,0.614035088,2025,수원,1.028768231,0.324808919,-3.851930146,89.63878272,,4,3,1,72,11.1,5,2,71.4
2025-10-04,KT,로하스,43,48,384,331,79,48,1,71,20,0,14,0,4,9,0,3,1791786,45,141,265,0.238670695,0.333333333,0.425981873,0.759315206,0.094662638,0.187311178,0.184895833,0.125,0.676056338,0.26,0.332326284,27.42857143,23.64285714,0.256495468,37.44803695,3.815460369,80.932,0.716981132,2025,수원,1.028768231,0.344476891,2.511638592,102.4989947,,2,1,1,75,12,0,0,0
2025-10-04,KT,문상철,20,22,209,173,37,25,5,44,6,1,5,3,3,3,0,0,1659375,25,60,145,0.213872832,0.325242718,0.346820809,0.672063528,0.111369886,0.132947977,0.210526316,0.119617225,0.568181818,0.251968504,0.277456647,41.8,34.6,0.233064426,14.56066946,2.711297071,39.348,0.620689655,2025,수원,1.028768231,0.317791192,-3.070043372,85.05013129,,2,1,1,40,7.5,3,0,100
2025-10-04,KT,박민석,1,5,21,19,5,2,0,4,1,1,0,0,0,0,0,0,2563238,3,8,14,0.263157895,0.333333333,0.421052632,0.754385965,0.070175439,0.157894737,0.19047619,0.095238095,0.5,0.333333333,0.263157895,0,0,0.255263158,2.434782609,4.695652174,4.448,0.714285714,2025,수원,1.028768231,0.343700335,0.124381591,101.9912313,,1,0,1,3,0,0,0,0
2025-10-04,KT,배정대,28,25,276,240,49,19,7,65,11,2,2,7,3,4,0,0,1015525,34,70,205,0.204166667,0.278810409,0.291666667,0.570477076,0.074643742,0.0875,0.235507246,0.06884058,0.292307692,0.267045455,0.166666667,138,120,0.198381351,14.13907285,1.862219351,43.6,0.468292683,2025,수원,1.028768231,0.270843814,-14.3625986,54.35285122,,9,6,3,59,6.8,7,0,100
2025-10-04,KT,스티븐슨,14,26,168,149,39,14,4,43,12,0,3,1,0,2,0,0,4065614,24,60,113,0.261744966,0.341317365,0.402684564,0.744001929,0.079572399,0.140939597,0.255952381,0.083333333,0.325581395,0.349514563,0.234899329,56,49.66666667,0.254263955,17.41935484,4.162146731,32.196,0.690265487,2025,수원,1.028768231,0.345396636,1.221768723,103.1003844,,2,2,0,32,6.3,1,1,50
2025-10-04,KT,안치영,6,9,56,44,10,4,3,13,1,0,1,4,1,1,0,0,1811867,8,14,40,0.227272727,0.326923077,0.318181818,0.645104895,0.09965035,0.090909091,0.232142857,0.071428571,0.307692308,0.290322581,0.181818182,56,44,0.226660839,2.444444444,1.65,9.316,0.525,2025,수원,1.028768231,0.309466352,-1.193475745,79.60680382,,2,0,2,15,6.7,4,2,66.7
2025-10-04,KT,안현민,80,72,482,395,132,75,9,72,19,4,22,0,3,4,0,5,3891049,87,225,270,0.334177215,0.44813278,0.569620253,1.017753033,0.113955565,0.235443038,0.149377593,0.15560166,1.041666667,0.361842105,0.425316456,21.90909091,17.95454545,0.344064814,83.08303887,8.308303887,130.894,1.144444444,2025,수원,1.028768231,0.454731678,45.43062993,174.5908188,,8,7,1,119,3.4,0,0,0
2025-10-04,KT,오윤석,19,30,184,156,40,12,7,41,8,1,0,8,1,4,0,0,1627509,31,50,129,0.256410256,0.335227273,0.320512821,0.655740093,0.078817016,0.064102564,0.222826087,0.065217391,0.292682927,0.344827586,0.141025641,0,0,0.230980478,11.33004926,2.371405659,30.702,0.534883721,2025,수원,1.028768231,0.31337152,-3.3497738,82.16025962,,0,0,0,49,8.2,8,2,80
2025-10-04,KT,유준규,3,13,41,34,4,7,0,13,2,0,0,0,0,0,0,0,3220191,2,6,30,0.117647059,0.268292683,0.176470588,0.444763271,0.150645624,0.058823529,0.317073171,0.170731707,0.538461538,0.19047619,0.264705882,0,0,0.164849354,1.375,1.2375,5.076,0.433333333,2025,수원,1.028768231,0.234788455,-3.309618564,30.77748872,,3,2,1,8,0,0,1,0
2025-10-04,KT,윤준혁,0,4,18,17,1,0,0,5,1,0,0,1,0,0,0,0,3891044,0,2,17,0.058823529,0.058823529,0.117647059,0.176470588,0,0.058823529,0.277777778,0,0,0.083333333,0.058823529,0,0,0.055882353,0,0,1.26,0.117647059,2025,수원,1.028768231,0.076919864,-3.713678537,-72.44736911,,1,1,0,5,0,1,0,100
2025-10-04,KT,이정훈,14,20,148,132,34,13,3,48,4,0,4,0,0,4,0,0,1757008,26,50,102,0.257575758,0.337837838,0.378787879,0.716625717,0.08026208,0.121212121,0.324324324,0.087837838,0.270833333,0.375,0.21969697,37,33,0.246723997,14.02439024,3.712338594,25.396,0.647058824,2025,수원,1.028768231,0.335637916,-0.072691774,96.71949229,,1,0,1,29,13.8,0,0,0
2025-10-04,KT,이호연,8,8,75,70,24,3,1,14,7,0,1,1,0,2,0,0,2867833,16,34,49,0.342857143,0.378378378,0.485714286,0.864092664,0.035521236,0.142857143,0.186666667,0.04,0.214285714,0.418181818,0.185714286,75,70,0.291698842,10.75949367,5.928700594,16.648,0.775510204,2025,수원,1.028768231,0.393411299,3.410303628,134.4955262,,0,0,0,20,10,1,0,100
2025-10-04,KT,장성우,58,44,480,413,102,55,2,96,13,0,14,2,8,13,0,1,352927,75,157,334,0.246973366,0.332635983,0.380145278,0.712781262,0.085662618,0.133171913,0.2,0.114583333,0.572916667,0.282958199,0.266343826,34.28571429,29.5,0.244722512,39.76163873,3.214264209,94.482,0.640718563,2025,수원,1.028768231,0.329972784,-2.399079218,93.01525698,,1,0,1,106,12.3,2,0,100
2025-10-04,KT,장준원,11,10,154,140,29,8,0,27,3,0,1,5,1,5,0,0,1015527,25,35,122,0.207142857,0.248322148,0.25,0.498322148,0.041179291,0.042857143,0.175324675,0.051948052,0.296296296,0.247787611,0.1,154,140,0.174244966,5.617283951,1.243169399,22.454,0.352459016,2025,수원,1.028768231,0.236028047,-12.2793812,31.58801493,,0,0,0,27,18.5,5,2,71.4
2025-10-04,KT,장진혁,19,19,157,139,29,13,0,46,3,1,4,4,1,1,0,0,1945252,21,46,116,0.208633094,0.274509804,0.330935252,0.605445056,0.06587671,0.122302158,0.292993631,0.082802548,0.282608696,0.277777778,0.215827338,39.25,34.75,0.206263225,9.741176471,2.267342799,25.292,0.50862069,2025,수원,1.028768231,0.281435843,-6.847062764,61.27861534,,1,1,0,30,3.3,4,0,100
2025-10-04,KT,조대현,11,7,90,75,14,7,2,22,4,0,0,6,0,0,0,0,3234934,10,18,67,0.186666667,0.273809524,0.24,0.513809524,0.087142857,0.053333333,0.244444444,0.077777778,0.318181818,0.264150943,0.146666667,0,0,0.183214286,3.090909091,1.245590231,12.534,0.402985075,2025,수원,1.028768231,0.252621525,-5.988170262,42.43792124,,0,0,0,20,0,6,0,100
2025-10-04,KT,최성민,2,3,21,19,2,1,0,5,0,0,0,1,0,0,0,0,3979639,2,2,18,0.105263158,0.15,0.105263158,0.255263158,0.044736842,0,0.238095238,0.047619048,0.2,0.142857143,0.052631579,0,0,0.093815789,0.181818182,0.272727273,1.97,0.166666667,2025,수원,1.028768231,0.129839699,-3.44851207,-37.84490366,,1,1,0,5,0,1,0,100
2025-10-04,KT,허경민,44,47,481,420,119,39,15,35,18,0,4,3,4,14,0,1,450683,97,149,322,0.283333333,0.361924686,0.354761905,0.716686591,0.078591353,0.071428571,0.072765073,0.081081081,1.114285714,0.298701299,0.164285714,120.25,105,0.251556585,42.33271028,3.549637197,102.42,0.630434783,2025,수원,1.028768231,0.338885084,1.006318708,98.84270422,,5,4,1,111,12.6,3,1,75
2025-10-04,KT,황재균,48,50,424,385,106,34,2,84,19,0,7,1,2,2,0,1,292165,80,146,284,0.275324675,0.3356974,0.379220779,0.714918179,0.060372724,0.103896104,0.198113208,0.080188679,0.404761905,0.334459459,0.192207792,60.57142857,55,0.245869025,43.4826087,4.133909982,85.268,0.64084507,2025,수원,1.028768231,0.331216625,-1.699620501,93.82856151,,4,3,1,85,2.4,1,0,100
2025-10-04,LG,구본혁,38,41,397,343,98,36,6,44,16,2,1,12,0,4,0,1,2522898,79,121,261,0.285714286,0.363636364,0.352769679,0.716406043,0.077922078,0.067055394,0.110831234,0.090680101,0.818181818,0.325503356,0.172011662,397,343,0.251828783,34.17767654,3.535621711,81.508,0.624521073,2025,잠실,0.951258394,0.339004579,0.868319841,106.6718217,,15,10,5,63,6.3,12,4,75
2025-10-04,LG,김민수,1,0,13,11,2,1,0,6,0,0,0,0,1,0,0,0,1758358,2,2,10,0.181818182,0.230769231,0.181818182,0.412587413,0.048951049,0,0.461538462,0.076923077,0.166666667,0.333333333,0.090909091,0,0,0.149300699,0.285714286,0.771428571,1.392,0.3,2025,잠실,0.951258394,0.199753383,-1.411731279,15.62024025,,1,1,0,4,0,0,0,0
2025-10-04,LG,김성우,1,0,5,5,1,0,0,1,0,0,0,0,0,0,0,0,3871042,1,1,4,0.2,0.2,0.2,0.4,0,0,0.2,0,0,0.25,0,0,0,0.14,0.2,1.35,0.672,0.25,2025,잠실,0.951258394,0.186108443,-0.597250039,6.698281612,,0,0,0,1,0,0,0,0
2025-10-04,LG,김주성,1,3,17,15,3,1,1,2,0,0,1,0,0,0,0,0,1838297,2,6,12,0.2,0.294117647,0.4,0.694117647,0.094117647,0.2,0.117647059,0.058823529,0.5,0.166666667,0.266666667,17,15,0.232352941,1.578947368,3.552631579,3.824,0.666666667,2025,잠실,0.951258394,0.321174253,-0.20396248,95.01318283,,2,0,2,2,0,0,0,0
2025-10-04,LG,김준태,0,1,2,1,1,1,0,0,0,0,0,0,0,0,0,0,837885,1,1,0,1,1,1,2,0,0,0,0.5,0,1,1,0,0,0.7,0.666666667,0,0.84,0,2025,잠실,0.951258394,0.833125884,0.790575272,429.7607959,,0,0,0,1,0,0,0,0
2025-10-04,LG,김현수,90,66,552,483,144,64,4,73,24,0,12,0,1,10,0,1,203566,108,204,350,0.298136646,0.384057971,0.422360248,0.806418219,0.085921325,0.124223602,0.132246377,0.115942029,0.876712329,0.330827068,0.256728778,46,40.25,0.278416149,66.13548387,5.101880184,125.046,0.777142857,2025,잠실,0.951258394,0.374686954,16.87711169,130.0033027,,4,4,0,132,7.6,0,0,0
2025-10-04,LG,김현종,0,3,6,5,2,1,0,1,1,0,0,0,0,1,0,0,3781015,1,3,4,0.4,0.5,0.6,1.1,0.1,0.2,0.166666667,0.166666667,1,0.5,0.4,0,0,0.375,0.857142857,5.785714286,1.272,1,2025,잠실,0.951258394,0.495648241,0.760834652,209.0957398,,0,0,0,2,50,0,0,0
2025-10-04,LG,문보경,108,91,607,515,142,79,4,108,21,1,24,0,9,15,0,3,2966754,96,237,397,0.275728155,0.370675453,0.460194175,0.830869628,0.094947298,0.184466019,0.177924217,0.13014827,0.731481481,0.301020408,0.337864078,25.29166667,21.45833333,0.281852498,69.03913043,4.695356478,137.716,0.80604534,2025,잠실,0.951258394,0.377031043,19.69067198,131.5360217,,4,3,1,119,12.6,0,0,0
2025-10-04,LG,문성주,70,57,542,475,145,54,4,59,20,2,3,0,9,10,0,0,1983121,120,178,349,0.305263158,0.374538745,0.374736842,0.749275587,0.069275587,0.069473684,0.108856089,0.099630996,0.915254237,0.336492891,0.183157895,180.6666667,158.3333333,0.262226646,54.58666667,4.223037249,118.758,0.676217765,2025,잠실,0.951258394,0.350916645,6.321834271,114.4607126,,7,4,3,110,9.1,0,0,0
2025-10-04,LG,문정빈,4,5,33,30,5,1,2,11,0,0,2,0,0,0,0,0,3976177,3,11,25,0.166666667,0.242424242,0.366666667,0.609090909,0.075757576,0.2,0.333333333,0.03030303,0.090909091,0.176470588,0.233333333,16.5,15,0.200757576,2.444444444,2.64,5.582,0.56,2025,잠실,0.951258394,0.280414328,-1.466009651,68.361666,,0,0,0,10,0,0,0,0
2025-10-04,LG,박관우,13,12,58,53,14,3,1,11,2,0,2,0,1,1,0,0,3997199,10,22,41,0.264150943,0.310344828,0.41509434,0.725439167,0.046193884,0.150943396,0.189655172,0.051724138,0.272727273,0.292682927,0.20754717,29,26.5,0.243428757,5.677419355,3.738788356,12.122,0.634146341,2025,잠실,0.951258394,0.3290867,-0.330774571,100.1868607,,0,0,0,15,6.7,0,1,0
2025-10-04,LG,박동원,76,57,523,451,114,62,2,124,25,0,22,3,5,10,0,4,468477,67,205,355,0.252771619,0.342307692,0.454545455,0.796853147,0.089536074,0.201773836,0.23709369,0.118546845,0.5,0.296774194,0.33924612,23.77272727,20.5,0.267674825,55.87734242,4.249826043,109.868,0.757746479,2025,잠실,0.951258394,0.359215977,9.553364789,119.8873612,,4,4,0,116,8.6,3,1,75
2025-10-04,LG,박해민,43,80,544,442,122,68,8,94,18,2,3,22,4,7,0,0,844422,99,153,353,0.2760181,0.379310345,0.346153846,0.725464191,0.103292245,0.070135747,0.172794118,0.125,0.723404255,0.340974212,0.2239819,181.3333333,147.3333333,0.257228117,40.71774194,3.114388193,105.598,0.648725212,2025,잠실,0.951258394,0.347526111,4.877801398,112.2437591,,63,49,14,109,6.4,22,3,88
2025-10-04,LG,손용준,1,3,16,15,3,0,1,5,0,0,0,0,0,2,0,0,3988782,3,3,14,0.2,0.25,0.2,0.45,0.05,0,0.3125,0,0,0.3,0,0,0,0.1625,0.352941176,0.680672269,1.24,0.285714286,2025,잠실,0.951258394,0.222422551,-1.44896248,30.44283165,,1,1,0,4,50,0,0,0
2025-10-04,LG,송찬의,20,18,166,147,31,9,8,49,9,1,3,1,1,4,0,0,3196459,18,51,122,0.210884354,0.290909091,0.346938776,0.637847866,0.080024737,0.136054422,0.295180723,0.054216867,0.183673469,0.291666667,0.197278912,55.33333333,49,0.217643785,11.70491803,2.590432679,26.778,0.557377049,2025,잠실,0.951258394,0.298255057,-5.018389628,80.02710652,,4,2,2,36,11.1,1,1,50
2025-10-04,LG,신민재,61,87,538,463,145,62,3,57,15,7,1,6,4,7,0,0,2484309,122,177,335,0.313174946,0.394736842,0.382289417,0.777026259,0.081561896,0.069114471,0.105947955,0.115241636,1.087719298,0.35207824,0.203023758,538,463,0.273203933,56.65174129,4.565961239,119.654,0.72238806,2025,잠실,0.951258394,0.365942311,12.70628894,124.2854805,,24,15,9,89,7.9,6,5,54.5
2025-10-04,LG,오스틴,95,82,499,425,133,61,2,62,25,1,31,0,11,11,0,7,3333938,76,253,314,0.312941176,0.392785571,0.595294118,0.988079689,0.079844395,0.282352941,0.124248497,0.122244489,0.983870968,0.297376093,0.425882353,16.09677419,13.70967742,0.325577036,78.33096085,6.735464787,137.094,1.006369427,2025,잠실,0.951258394,0.429469139,37.00418948,165.8234948,,3,3,0,138,8,0,0,0
2025-10-04,LG,오지환,62,57,472,419,106,37,3,115,24,1,16,7,6,4,0,0,273675,65,180,330,0.252983294,0.313978495,0.429594272,0.743572767,0.060995201,0.176610979,0.243644068,0.078389831,0.32173913,0.306122449,0.264916468,29.5,26.1875,0.248688891,45.3515625,3.710582386,95.03,0.666666667,2025,잠실,0.951258394,0.336719944,0.174475686,105.1779772,,16,9,7,111,3.6,7,3,70
2025-10-04,LG,유영찬,0,0,2,1,0,1,0,0,0,0,0,0,0,0,0,0,3611491,0,0,1,0,0.5,0,0.5,0.5,0,0,0.5,0,0,1,0,0,0.225,0,0,0.43,1,2025,잠실,0.951258394,0.367854777,0.050278217,125.5359766,,0,0,0,,8.8,,,73.1
2025-10-04,LG,이영빈,9,12,75,72,15,1,0,35,1,1,3,1,1,1,0,0,2852445,10,27,60,0.208333333,0.216216216,0.375,0.591216216,0.007882883,0.166666667,0.466666667,0.013333333,0.028571429,0.342857143,0.180555556,25,24,0.191047297,4.618421053,2.078289474,10.01,0.466666667,2025,잠실,0.951258394,0.260593181,-4.514500353,55.40129756,,1,1,0,15,6.7,1,0,100
2025-10-04,LG,이주헌,9,22,156,128,28,18,8,30,3,0,4,2,0,2,0,0,3890122,21,43,104,0.21875,0.350649351,0.3359375,0.686586851,0.131899351,0.1171875,0.192307692,0.115384615,0.6,0.255319149,0.2578125,39,32,0.241776583,11.81318681,3.066885038,29.96,0.663461538,2025,잠실,0.951258394,0.332651179,-0.447294613,102.5175507,,0,0,0,37,5.4,2,3,40
2025-10-04,LG,천성호,17,24,199,173,41,17,5,29,9,2,1,4,0,2,0,0,2717987,29,57,138,0.23699422,0.323076923,0.329479769,0.652556692,0.086082703,0.092485549,0.145728643,0.085427136,0.586206897,0.27972028,0.190751445,199,173,0.227754558,14.70135747,2.876352548,37.828,0.572463768,2025,잠실,0.951258394,0.310191169,-4.126351573,85.35628556,1,4,3,1,41,4.9,4,2,66.7
2025-10-04,LG,최승민,0,6,6,5,0,1,0,2,0,0,0,0,0,0,0,0,1229560,0,0,5,0,0.166666667,0,0.166666667,0.166666667,0,0.333333333,0.166666667,0.5,0,0.2,0,0,0.075,0,0,0.414,0.2,2025,잠실,0.951258394,0.122618259,-1.019759457,-34.81577185,,3,1,2,,8.8,,,73.1
2025-10-04,LG,최원영,2,37,115,103,29,4,4,20,5,0,0,3,1,4,0,0,3806394,24,34,82,0.281553398,0.330357143,0.330097087,0.66045423,0.048803745,0.048543689,0.173913043,0.034782609,0.2,0.345238095,0.087378641,0,0,0.231184986,8.016260163,2.639500297,20.23,0.512195122,2025,잠실,0.951258394,0.311451575,-2.269262008,88.65585728,,12,8,4,24,16.7,3,1,75
2025-10-04,LG,함창건,2,2,36,32,6,3,0,9,2,0,0,0,1,1,0,0,3640419,4,8,28,0.1875,0.25,0.25,0.5,0.0625,0.0625,0.25,0.083333333,0.333333333,0.25,0.15625,0,0,0.175,1.435897436,1.384615385,5.108,0.392857143,2025,잠실,0.951258394,0.237349247,-2.83266558,40.20288595,,0,0,0,8,12.5,0,0,0
2025-10-04,LG,홍창기,16,32,215,174,50,29,6,40,4,0,1,2,4,4,0,0,1607303,45,57,134,0.287356322,0.399061033,0.327586207,0.72664724,0.111704711,0.040229885,0.186046512,0.134883721,0.725,0.357664234,0.206896552,215,174,0.261474017,17.1,3.445522388,42.44,0.686567164,2025,잠실,0.951258394,0.352766979,2.82422772,115.670583,,3,3,0,36,11.1,2,0,100
2025-10-04,NC,고승완,0,5,11,10,2,1,0,5,0,0,0,0,0,0,0,0,4070488,2,2,8,0.2,0.272727273,0.2,0.472727273,0.072727273,0,0.454545455,0.090909091,0.2,0.4,0.1,0,0,0.172727273,0.5,1.6875,1.12,0.375,2025,창원,1.010028481,0.23607218,-0.876712441,33.49084729,,3,2,1,4,0,0,0,0
2025-10-04,NC,권희동,39,56,456,358,88,77,11,80,24,0,6,8,2,10,0,0,923902,58,130,290,0.245810056,0.392857143,0.363128492,0.755985634,0.147047087,0.117318436,0.175438596,0.168859649,0.9625,0.299270073,0.332402235,76,59.66666667,0.267567837,37.27941176,3.470841785,91.46,0.751724138,2025,창원,1.010028481,0.363881851,10.02216367,117.0612076,,10,5,5,88,11.4,8,3,72.7
2025-10-04,NC,김범준,0,0,1,1,0,0,0,1,0,0,0,0,0,0,0,0,4070525,0,0,1,0,0,0,0,0,0,1,0,0,0,0,0,0,0,0,0,-0.098,0,2025,창원,1.010028481,0,-0.267509419,-120.8686548,,0,0,0,,8.8,,,73.1
2025-10-04,NC,김정호,0,3,11,9,4,0,1,4,0,0,0,1,0,0,0,0,4070752,4,4,6,0.444444444,0.5,0.444444444,0.944444444,0.055555556,0,0.363636364,0,0,0.8,0,0,0,0.336111111,1.333333333,6,2.078,0.833333333,2025,창원,1.010028481,0.448930303,0.986030195,172.6714735,,0,0,0,2,0,1,0,100
2025-10-04,NC,김주원,65,98,624,539,156,63,16,111,26,8,15,4,2,8,0,1,2852202,107,243,397,0.289424861,0.379032258,0.450834879,0.829867137,0.089607397,0.161410019,0.177884615,0.100961538,0.567567568,0.339759036,0.278293135,41.6,35.93333333,0.283273236,76.39118065,5.195369969,140.452,0.811083123,2025,창원,1.010028481,0.381375504,22.39884401,128.4997071,,55,44,11,117,6.8,4,1,80
2025-10-04,NC,김한별,5,14,72,64,20,3,3,5,2,0,0,2,0,2,0,0,3196401,18,22,48,0.3125,0.371428571,0.34375,0.715178571,0.058928571,0.03125,0.069444444,0.041666667,0.6,0.338983051,0.078125,0,0,0.253080357,6.205128205,3.490384615,14.84,0.583333333,2025,창원,1.010028481,0.341050948,0.274694518,102.1328635,,1,1,0,10,20,2,0,100
2025-10-04,NC,김형준,55,51,415,362,84,45,3,126,10,1,18,3,2,7,0,0,1986399,55,150,290,0.232044199,0.32038835,0.414364641,0.73475299,0.088344151,0.182320442,0.303614458,0.108433735,0.357142857,0.3,0.306629834,23.05555556,20.11111111,0.247765918,38.87688985,3.619572503,77.582,0.682758621,2025,창원,1.010028481,0.337476139,0.403067013,99.79541817,,3,3,0,79,8.9,3,0,100
2025-10-04,NC,김휘집,56,64,500,429,107,40,27,89,18,2,17,2,2,9,0,0,2851452,70,180,335,0.249417249,0.34939759,0.41958042,0.76897801,0.099980341,0.17016317,0.178,0.08,0.449438202,0.276923077,0.263403263,29.41176471,25.23529412,0.262124021,51.11111111,4.119402985,107.038,0.737313433,2025,창원,1.010028481,0.356913787,8.217477111,112.5050294,,12,10,2,94,9.6,2,1,66.7
2025-10-04,NC,데이비슨,97,63,439,386,113,31,8,118,18,0,36,0,14,10,0,1,3747555,59,239,297,0.292746114,0.346241458,0.619170984,0.965412442,0.053495344,0.32642487,0.268792711,0.070615034,0.262711864,0.31300813,0.406735751,12.19444444,10.72222222,0.310601402,64,5.818181818,111.336,0.936026936,2025,창원,1.010028481,0.415764973,27.76862926,150.9858016,,1,1,0,87,11.5,0,0,0
2025-10-04,NC,도태훈,8,9,98,77,14,7,8,16,4,1,1,6,0,2,0,0,1499730,8,23,71,0.181818182,0.315217391,0.298701299,0.61391869,0.133399209,0.116883117,0.163265306,0.071428571,0.4375,0.216666667,0.207792208,98,77,0.216523151,4.274336283,1.625451826,16.622,0.535211268,2025,창원,1.010028481,0.301141157,-2.737650845,76.03721986,,3,3,0,20,10,6,0,100
2025-10-04,NC,박건우,67,43,442,384,111,47,5,63,24,1,9,1,5,6,0,2,373391,77,164,285,0.2890625,0.369614512,0.427083333,0.796697846,0.080552012,0.138020833,0.142533937,0.106334842,0.746031746,0.321766562,0.260416667,49.11111111,42.66666667,0.273097364,50.12955466,4.749115704,99.676,0.757894737,2025,창원,1.010028481,0.365578557,10.31108704,118.1706255,,10,6,4,75,8,1,0,100
2025-10-04,NC,박민우,67,64,468,404,122,44,12,64,25,8,3,4,4,5,0,5,678905,86,172,295,0.301980198,0.38362069,0.425742574,0.809363264,0.081640492,0.123762376,0.136752137,0.094017094,0.6875,0.348973607,0.232673267,156,134.6666667,0.279064954,54.16030534,4.957044896,105.368,0.772881356,2025,창원,1.010028481,0.370544981,12.76671819,121.4179999,,36,28,8,95,5.3,4,4,50
2025-10-04,NC,박세혁,10,8,93,86,14,5,1,28,3,0,2,0,1,4,0,0,836256,9,23,77,0.162790698,0.215053763,0.26744186,0.482495624,0.052263066,0.104651163,0.301075269,0.053763441,0.178571429,0.210526316,0.162790698,46.5,43,0.163634659,3.484848485,1.221959858,11.686,0.376623377,2025,창원,1.010028481,0.225113368,-8.223010115,26.32525577,,1,1,0,21,19,0,0,0
2025-10-04,NC,박시원,4,12,60,54,11,5,0,18,2,0,1,1,0,1,0,0,2856687,8,16,45,0.203703704,0.271186441,0.296296296,0.567482737,0.067482737,0.092592593,0.3,0.083333333,0.277777778,0.285714286,0.185185185,60,54,0.196107972,3.446153846,2.067692308,8.736,0.466666667,2025,창원,1.010028481,0.268376186,-3.240091996,54.61332896,,1,1,0,10,10,1,1,50
2025-10-04,NC,박영빈,1,8,5,4,1,1,0,2,0,0,0,0,0,0,0,0,3637074,1,1,3,0.25,0.4,0.25,0.65,0.15,0,0.4,0.2,0.5,0.5,0.25,0,0,0.2425,0.333333333,3,0.734,0.666666667,2025,창원,1.010028481,0.333250354,-0.011952984,97.03232205,,6,4,2,,8.8,,,73.1
2025-10-04,NC,박한결,3,2,19,17,2,2,0,8,0,0,2,0,0,0,0,0,3692930,0,8,15,0.117647059,0.210526316,0.470588235,0.681114551,0.092879257,0.352941176,0.421052632,0.105263158,0.25,0,0.470588235,9.5,8.5,0.212383901,1.523809524,2.742857143,3.406,0.666666667,2025,창원,1.010028481,0.298078284,-0.577066008,74.03451222,,0,0,0,,8.8,,,73.1
2025-10-04,NC,서호철,30,25,292,263,70,8,7,51,7,1,3,10,4,7,0,0,2715863,59,88,214,0.266159696,0.30141844,0.33460076,0.6360192,0.035258744,0.068441065,0.174657534,0.02739726,0.156862745,0.314553991,0.098859316,97.33333333,87.66666667,0.219288488,18.34527687,2.314591007,52.072,0.481308411,2025,창원,1.010028481,0.295199277,-9.537392352,72.15202795,,10,7,3,63,11.1,10,2,83.3
2025-10-04,NC,송승환,2,0,15,15,3,0,0,6,1,0,0,0,0,0,0,0,2504848,2,4,12,0.2,0.2,0.266666667,0.466666667,0,0.066666667,0.4,0,0,0.333333333,0.066666667,0,0,0.156666667,0.8,1.8,1.672,0.333333333,2025,창원,1.010028481,0.21124814,-1.491750116,17.25925915,,0,0,0,2,0,0,0,0
2025-10-04,NC,안인산,1,0,7,6,0,0,0,3,0,0,0,0,1,0,0,0,2868853,0,0,7,0,0,0,0,0,0,0.428571429,0,0,0,0,0,0,0,0,0,0.346,0,2025,창원,1.010028481,0,-1.872565931,-120.8686548,,0,0,0,1,0,0,0,0
2025-10-04,NC,안중열,6,2,60,49,7,8,2,15,3,0,0,1,0,0,0,0,1012723,4,10,43,0.142857143,0.288135593,0.204081633,0.492217226,0.14527845,0.06122449,0.25,0.133333333,0.533333333,0.205882353,0.224489796,0,0,0.180681425,2.285714286,1.435215947,8.56,0.465116279,2025,창원,1.010028481,0.255339435,-3.862378751,46.08904472,,0,0,0,12,0,1,0,100
2025-10-04,NC,오영수,23,14,179,155,36,22,2,47,5,0,3,0,0,0,0,0,1958785,28,50,119,0.232258065,0.335195531,0.322580645,0.657776176,0.102937466,0.090322581,0.262569832,0.122905028,0.468085106,0.314285714,0.232258065,59.66666667,51.66666667,0.23148315,14.77832512,3.353065364,31.954,0.621848739,2025,창원,1.010028481,0.316208667,-2.85472557,85.88934757,,5,3,2,26,0,0,0,0
2025-10-04,NC,오태양,1,6,13,12,3,1,0,3,0,0,0,0,0,0,0,0,3044819,3,3,9,0.25,0.307692308,0.25,0.557692308,0.057692308,0,0.230769231,0.076923077,0.333333333,0.333333333,0.083333333,0,0,0.200961538,0.857142857,2.571428571,2.086,0.444444444,2025,창원,1.010028481,0.271333553,-0.671434224,56.54704994,,3,2,1,2,0,0,0,0
2025-10-04,NC,이우성,33,28,337,300,75,31,2,66,22,1,3,1,3,8,0,0,1116690,49,108,237,0.25,0.321428571,0.36,0.681428571,0.071428571,0.11,0.195845697,0.091988131,0.46969697,0.307692308,0.213333333,112.3333333,100,0.234642857,28.02162162,3.19233664,62.952,0.594936709,2025,창원,1.010028481,0.317383893,-5.059458909,88.22567892,1,3,2,1,56,14.3,1,2,33.3
2025-10-04,NC,천재환,31,47,294,261,62,17,5,58,10,3,6,6,5,3,0,0,3243743,43,96,213,0.237547893,0.291666667,0.367816092,0.659482759,0.054118774,0.130268199,0.197278912,0.057823129,0.293103448,0.277227723,0.195402299,49,43.5,0.223204023,21.26582278,2.695667677,55.926,0.55399061,2025,창원,1.010028481,0.301908684,-8.033433422,76.53907916,,20,15,5,63,4.8,6,3,66.7
2025-10-04,NC,최원준,44,62,449,413,100,23,6,71,13,3,6,2,5,5,0,0,1631314,78,137,325,0.242130751,0.288590604,0.331719128,0.620309732,0.046459853,0.089588378,0.158129176,0.051224944,0.323943662,0.275659824,0.14527845,74.83333333,68.83333333,0.212795554,33.5334728,2.785857741,84.882,0.510769231,2025,창원,1.010028481,0.287747165,-17.32729764,68.84713774,1,34,26,8,93,5.4,2,5,28.6
2025-10-04,NC,최정원,11,40,155,120,33,18,12,22,3,0,0,4,1,0,0,0,2697419,30,36,92,0.275,0.417218543,0.3,0.717218543,0.142218543,0.025,0.141935484,0.116129032,0.818181818,0.333333333,0.175,0,0,0.262748344,11.28648649,3.312338425,31.584,0.717391304,2025,창원,1.010028481,0.359520275,2.868826456,114.2093228,,36,30,6,29,0,4,2,66.7
2025-10-04,NC,한석현,21,18,138,113,22,12,7,27,5,0,3,4,2,1,0,0,2715047,14,36,98,0.194690265,0.305970149,0.318584071,0.62455422,0.111279884,0.123893805,0.195652174,0.086956522,0.444444444,0.223529412,0.230088496,46,37.66666667,0.217332585,7.796178344,2.147926687,25.024,0.56122449,2025,창원,1.010028481,0.298898028,-4.101324747,74.57051437,,2,1,1,20,5,4,0,100
2025-10-04,NC,한재환,4,2,31,27,5,2,2,14,0,0,0,0,0,0,0,0,3892648,5,5,22,0.185185185,0.290322581,0.185185185,0.475507766,0.105137395,0,0.451612903,0.064516129,0.142857143,0.384615385,0.074074074,0,0,0.176941458,1.285714286,1.577922078,3.208,0.409090909,2025,창원,1.010028481,0.247045114,-2.200118487,40.66567234,,0,0,0,11,0,0,0,0
2025-10-04,NC,홍종표,3,16,85,73,12,7,0,23,0,0,0,4,1,1,0,0,2778771,12,12,67,0.164383562,0.234567901,0.164383562,0.398951463,0.07018434,0,0.270588235,0.082352941,0.304347826,0.235294118,0.095890411,0,0,0.146651446,1.695652174,0.683322518,9.706,0.28358209,2025,창원,1.010028481,0.201437944,-9.11663709,13.63033254,1,3,1,2,23,4.3,4,2,66.7
2025-10-04,SSG,고명준,64,46,500,471,131,20,2,99,20,1,17,0,7,12,0,1,2966322,93,204,359,0.278131635,0.306,0.433121019,0.739121019,0.027868365,0.154989384,0.198,0.04,0.202020202,0.314917127,0.197452229,29.41176471,27.70588235,0.245980255,52.36781609,3.938526558,103.948,0.629526462,2025,문학,1.027807914,0.331634335,-1.838113647,94.19771996,,2,2,0,97,12.4,0,0,0
2025-10-04,SSG,김성욱,13,10,132,123,24,7,1,35,6,0,2,1,0,2,0,0,678893,16,36,102,0.195121951,0.244274809,0.292682927,0.536957736,0.049152858,0.097560976,0.265151515,0.053030303,0.2,0.255813953,0.154471545,66,61.5,0.183094396,7.457142857,1.97394958,19.55,0.431372549,2025,문학,1.027807914,0.250715045,-8.982855303,41.61956789,1,3,1,2,28,7.1,1,1,50
2025-10-04,SSG,김성현,11,15,137,115,25,16,1,20,3,0,1,4,1,4,0,0,468484,21,31,99,0.217391304,0.315789474,0.269565217,0.585354691,0.098398169,0.052173913,0.145985401,0.116788321,0.8,0.252631579,0.191304348,137,115,0.209496568,6.642857143,1.811688312,23.27,0.484848485,2025,문학,1.027807914,0.286457299,-5.427532114,64.65800498,,2,1,1,30,13.3,4,1,80
2025-10-04,SSG,김수윤,0,0,12,11,1,0,1,4,0,0,0,0,0,0,0,0,2998448,1,1,10,0.090909091,0.166666667,0.090909091,0.257575758,0.075757576,0,0.333333333,0,0,0.142857143,0,0,0,0.097727273,0.153846154,0.415384615,0.988,0.2,2025,문학,1.027807914,0.141473032,-1.859518915,-30.14223414,,0,0,0,2,0,0,0,0
2025-10-04,SSG,김찬형,5,4,78,73,13,3,1,13,2,0,0,1,0,3,0,0,1803602,11,15,64,0.178082192,0.220779221,0.205479452,0.426258673,0.042697029,0.02739726,0.166666667,0.038461538,0.230769231,0.216666667,0.068493151,0,0,0.150720512,2.37804878,1.003239329,10.186,0.296875,2025,문학,1.027807914,0.205526007,-8.112177585,11.73980913,,0,0,0,18,16.7,1,0,100
2025-10-04,SSG,김태윤,0,0,4,2,1,2,0,0,0,0,0,0,0,0,0,0,4071364,1,1,1,0.5,0.75,0.5,1.25,0.25,0,0,0.5,0,0.5,1,0,0,0.4625,0.5,13.5,1.27,3,2025,문학,1.027807914,0.600490331,0.840853489,269.9934343,,2,1,1,1,0,0,0,0
2025-10-04,SSG,류효승,16,18,103,94,27,7,2,28,5,0,6,0,0,1,0,0,2853720,16,50,68,0.287234043,0.349514563,0.531914894,0.881429457,0.062280521,0.244680851,0.27184466,0.067961165,0.25,0.35,0.319148936,17.16666667,15.66666667,0.290260277,15.625,6.204044118,23.696,0.867647059,2025,문학,1.027807914,0.395022368,4.815498029,135.6449806,,1,0,1,23,4.3,0,0,0
2025-10-04,SSG,맥브룸,11,8,80,74,15,5,1,28,3,0,4,0,0,2,0,2,3984188,8,30,61,0.202702703,0.2625,0.405405405,0.667905405,0.059797297,0.202702703,0.35,0.0625,0.178571429,0.261904762,0.27027027,20,18.5,0.219476351,6.627906977,2.933663744,13.086,0.590163934,2025,문학,1.027807914,0.291354489,-2.857683243,67.86011006,,0,0,0,19,10.5,0,0,0
2025-10-04,SSG,박성한,48,73,538,452,124,79,3,93,23,2,7,2,2,6,0,1,1838428,92,172,338,0.274336283,0.384328358,0.380530973,0.764859332,0.109992075,0.10619469,0.172862454,0.146840149,0.849462366,0.330508475,0.280973451,76.85714286,64.57142857,0.268080505,54.37419355,4.343500668,113.146,0.75147929,2025,문학,1.027807914,0.361380531,10.75380925,113.6477373,,11,5,6,96,6.3,2,0,100
2025-10-04,SSG,박지환,4,3,68,60,9,4,0,19,0,0,0,3,1,1,0,0,3784563,9,9,56,0.15,0.2,0.15,0.35,0.05,0,0.279411765,0.058823529,0.210526316,0.214285714,0.066666667,0,0,0.1275,1,0.482142857,6.998,0.232142857,2025,문학,1.027807914,0.174118741,-8.771215911,-8.796325283,,1,0,1,10,10,3,0,100
2025-10-04,SSG,석정우,4,3,54,49,13,4,1,18,1,0,2,0,0,1,0,0,3229171,10,20,37,0.265306122,0.333333333,0.408163265,0.741496599,0.068027211,0.142857143,0.333333333,0.074074074,0.222222222,0.379310345,0.224489796,27,24.5,0.252040816,5.762711864,4.205222171,9.786,0.675675676,2025,문학,1.027807914,0.342872231,0.284263104,101.5457947,,0,0,0,9,11.1,0,0,0
2025-10-04,SSG,신범수,3,1,39,33,6,5,1,7,1,0,1,0,0,0,0,0,1987650,4,10,27,0.181818182,0.307692308,0.303030303,0.610722611,0.125874126,0.121212121,0.179487179,0.128205128,0.714285714,0.2,0.272727273,39,33,0.214219114,2.666666667,2.666666667,7.314,0.592592593,2025,문학,1.027807914,0.296705708,-1.227090308,71.35908869,,0,0,0,7,0,0,0,0
2025-10-04,SSG,안상현,15,38,289,258,68,18,2,85,8,2,6,9,2,2,0,0,2020561,52,98,203,0.263565891,0.314285714,0.379844961,0.694130676,0.050719823,0.11627907,0.294117647,0.062283737,0.211764706,0.366863905,0.186046512,48.16666667,43,0.236389812,23.78640777,3.163709407,50.76,0.581280788,2025,문학,1.027807914,0.319630675,-3.822254376,86.34893793,,23,17,6,57,3.5,9,6,60
2025-10-04,SSG,에레디아,54,46,415,375,127,31,7,62,18,0,13,0,2,9,0,4,3329386,96,184,259,0.338666667,0.397590361,0.490666667,0.888257028,0.058923695,0.152,0.14939759,0.074698795,0.5,0.377483444,0.234666667,31.92307692,28.84615385,0.301582329,62.55187638,6.520851978,100.314,0.857142857,2025,문학,1.027807914,0.402316476,21.81043654,140.4143478,,3,1,2,91,9.9,0,1,0
2025-10-04,SSG,오태곤,26,31,229,194,39,30,1,59,6,0,5,3,1,4,0,0,510675,28,60,163,0.201030928,0.309734513,0.309278351,0.619012864,0.108703585,0.108247423,0.257641921,0.131004367,0.508474576,0.259541985,0.262886598,45.8,38.8,0.216700119,14.30769231,2.369985842,37.928,0.558282209,2025,문학,1.027807914,0.297431857,-7.072931464,71.83389208,,33,25,8,55,7.3,3,1,75
2025-10-04,SSG,이승민,0,0,5,5,1,0,0,2,0,0,0,0,0,0,0,0,4090116,1,1,4,0.2,0.2,0.2,0.4,0,0,0.4,0,0,0.333333333,0,0,0,0.14,0.2,1.35,0.484,0.25,2025,문학,1.027807914,0.186108443,-0.597250039,-0.956670324,,0,0,0,2,0,0,0,0
2025-10-04,SSG,이율예,7,3,13,13,3,0,0,6,0,0,3,0,0,0,0,0,4011549,0,12,10,0.230769231,0.230769231,0.923076923,1.153846154,0,0.692307692,0.461538462,0,0,0,0.692307692,4.333333333,4.333333333,0.334615385,2.769230769,7.476923077,4.092,1.2,2025,문학,1.027807914,0.483700187,1.524905813,193.6283652,,0,0,0,3,0,0,0,0
2025-10-04,SSG,이정범,0,0,3,3,0,0,0,2,0,0,0,0,0,0,0,0,3050932,0,0,3,0,0,0,0,0,0,0.666666667,0,0,0,0,0,0,0,0,0,-0.106,0,2025,문학,1.027807914,0,-0.802528256,-122.646598,,0,0,0,1,0,0,0,0
2025-10-04,SSG,이지영,18,13,216,197,47,11,2,22,6,1,3,4,2,8,0,0,289476,37,64,164,0.23857868,0.283018868,0.324873096,0.607891964,0.044440188,0.086294416,0.101851852,0.050925926,0.5,0.252873563,0.14213198,72,65.66666667,0.208576765,12.8558952,2.116519331,39.904,0.469512195,2025,문학,1.027807914,0.282255129,-9.279376696,61.91035074,,3,2,1,43,18.6,4,2,66.7
2025-10-04,SSG,임근우,0,0,5,5,0,0,0,1,0,0,0,0,0,0,0,0,4090099,0,0,5,0,0,0,0,0,0,0.2,0,0,0,0,0,0,0,0,0,0.262,0,2025,문학,1.027807914,0,-1.337547093,-122.646598,,0,0,0,1,0,0,0,0
2025-10-04,SSG,정준재,25,58,442,371,91,51,3,93,10,3,0,16,1,4,0,0,3839080,78,107,301,0.245283019,0.340375587,0.288409704,0.62878529,0.095092568,0.043126685,0.21040724,0.115384615,0.548387097,0.326164875,0.180592992,0,0,0.22527144,26.75,2.399501661,74.926,0.534883721,2025,문학,1.027807914,0.306155704,-10.5840733,77.5381169,,45,37,8,93,4.3,16,6,72.7
2025-10-04,SSG,정현승,0,0,2,2,1,0,0,0,1,0,0,0,0,0,0,0,3839084,0,2,1,0.5,0.5,1,1.5,0,0.5,0,0,0,0.5,0.5,0,0,0.475,1,27,0.81,2,2025,문학,1.027807914,0.65381884,0.505278217,304.8631178,,0,0,0,,8.8,,,73.1
2025-10-04,SSG,조형우,29,23,294,269,64,19,3,64,8,0,4,1,2,5,0,0,3234622,52,84,213,0.237918216,0.293515358,0.312267658,0.605783016,0.055597143,0.074349442,0.217687075,0.06462585,0.296875,0.295566502,0.144981413,73.5,67.25,0.210148826,20.73417722,2.628275985,50.348,0.497652582,2025,문학,1.027807914,0.285028386,-11.98161731,63.72368821,,0,0,0,59,8.5,1,2,33.3
2025-10-04,SSG,채현우,9,8,52,48,9,3,0,13,1,1,1,0,1,1,0,0,2527084,6,15,41,0.1875,0.230769231,0.3125,0.543269231,0.043269231,0.125,0.25,0.057692308,0.230769231,0.228571429,0.1875,52,48,0.181971154,2.727272727,1.796008869,8.286,0.43902439,2025,문학,1.027807914,0.246943796,-3.694712751,38.82148053,,2,2,0,11,9.1,0,0,0
2025-10-04,SSG,최상민,1,5,9,7,1,1,1,5,0,0,0,0,0,0,0,0,3210167,1,1,6,0.142857143,0.333333333,0.142857143,0.476190476,0.19047619,0,0.555555556,0.111111111,0.2,0.5,0.142857143,0,0,0.185714286,0.272727273,1.227272727,0.78,0.5,2025,문학,1.027807914,0.270376216,-0.471693604,54.14313666,,2,1,1,4,0,0,0,0
2025-10-04,SSG,최정,63,54,406,340,83,51,12,94,12,0,23,0,3,10,0,6,74405,48,164,270,0.244117647,0.359605911,0.482352941,0.841958853,0.115488264,0.238235294,0.231527094,0.125615764,0.542553191,0.265486726,0.388235294,17.65217391,14.7826087,0.282410895,46.50746269,4.650746269,89.508,0.840740741,2025,문학,1.027807914,0.37719751,13.22413513,123.9899169,,1,1,0,87,11.5,0,0,0
2025-10-04,SSG,최준우,22,17,192,152,29,30,3,47,0,0,3,3,4,3,0,0,2518131,26,38,133,0.190789474,0.328042328,0.25,0.578042328,0.137252854,0.059210526,0.244791667,0.15625,0.638297872,0.245283019,0.256578947,64,50.66666667,0.210119048,8.782222222,1.782857143,31.264,0.533834586,2025,문학,1.027807914,0.290237509,-7.029054626,67.12975474,,2,2,0,43,7,3,1,75
2025-10-04,SSG,최지훈,45,66,574,517,147,43,5,87,16,4,7,4,5,2,0,2,2698101,120,192,381,0.284332689,0.342105263,0.371373308,0.713478571,0.057772575,0.087040619,0.151567944,0.074912892,0.494252874,0.327102804,0.170212766,82,73.85714286,0.246790695,56.79742765,4.025014558,120.114,0.62992126,2025,문학,1.027807914,0.330717191,-2.5289669,93.59803067,,35,28,7,86,2.3,4,4,50
2025-10-04,SSG,하재훈,8,6,61,56,8,4,0,21,0,0,3,0,1,1,0,0,425195,5,17,50,0.142857143,0.196721311,0.303571429,0.50029274,0.053864169,0.160714286,0.344262295,0.06557377,0.19047619,0.151515152,0.232142857,20.33333333,18.66666667,0.164417447,2.615384615,1.412307692,8.552,0.42,2025,문학,1.027807914,0.227600848,-5.272872791,26.17379044,,3,1,2,10,10,0,0,0
2025-10-04,SSG,한유섬,71,50,511,455,124,46,7,120,24,0,15,1,2,6,0,3,792323,85,193,340,0.272527473,0.347058824,0.424175824,0.771234648,0.074531351,0.151648352,0.234833659,0.090019569,0.383333333,0.338509317,0.252747253,34.06666667,30.33333333,0.262220427,57.4893617,4.565331665,104.92,0.723529412,2025,문학,1.027807914,0.35290997,6.770596505,108.1091276,,1,1,0,105,5.7,1,0,100
2025-10-04,SSG,현원회,6,6,62,59,18,3,0,16,1,0,1,0,0,3,0,0,2780648,16,22,44,0.305084746,0.338709677,0.372881356,0.711591033,0.033624932,0.06779661,0.258064516,0.048387097,0.1875,0.404761905,0.118644068,62,59,0.245639694,6.092307692,3.738461538,10.752,0.568181818,2025,문학,1.027807914,0.330636708,-0.277133446,93.54540561,,0,0,0,14,21.4,0,0,0
2025-10-04,SSG,홍대인,0,3,5,5,1,0,0,2,0,0,0,0,0,0,0,0,4071361,1,1,4,0.2,0.2,0.2,0.4,0,0,0.4,0,0,0.333333333,0,0,0,0.14,0.2,1.35,0.484,0.25,2025,문학,1.027807914,0.186108443,-0.597250039,-0.956670324,,2,1,1,1,0,0,0,0
2025-10-04,두산,강승호,37,51,400,360,85,24,11,113,19,3,8,2,3,7,0,2,873434,55,134,287,0.236111111,0.301507538,0.372222222,0.67372976,0.065396427,0.136111111,0.2825,0.06,0.212389381,0.318181818,0.202777778,50,45,0.228733948,33.26896552,3.129832993,69.646,0.588850174,2025,잠실,0.951258394,0.308985777,-8.677755991,87.04355641,,17,14,3,89,7.9,2,1,66.7
2025-10-04,두산,강현구,0,0,2,2,0,0,0,1,0,0,0,0,0,0,0,0,3224849,0,0,2,0,0,0,0,0,0,0.5,0,0,0,0,0,0,0,0,0,-0.008,0,2025,잠실,0.951258394,0,-0.535018837,-114.9916461,,0,0,0,1,0,0,0,0
2025-10-04,두산,김기연,24,19,245,219,54,19,1,44,9,0,2,4,2,8,0,0,2036561,43,69,179,0.246575342,0.307053942,0.315068493,0.622122435,0.060478599,0.068493151,0.179591837,0.07755102,0.431818182,0.297142857,0.155251142,122.5,109.5,0.216941397,15.62264151,2.356487825,42.178,0.497206704,2025,잠실,0.951258394,0.293442897,-8.344601519,76.88060044,,1,1,0,55,14.5,4,0,100
2025-10-04,두산,김대한,5,1,37,36,7,1,0,6,0,0,1,0,0,0,0,0,2484613,6,10,29,0.194444444,0.216216216,0.277777778,0.493993994,0.021771772,0.083333333,0.162162162,0.027027027,0.166666667,0.206896552,0.111111111,37,36,0.166741742,2.105263158,1.960072595,6.262,0.379310345,2025,잠실,0.951258394,0.227432351,-3.20325969,33.71856789,,1,0,1,5,0,0,0,0
2025-10-04,두산,김동준,10,8,100,93,22,5,1,30,3,0,2,1,0,2,0,0,4071380,17,31,74,0.23655914,0.282828283,0.333333333,0.616161616,0.046269143,0.096774194,0.3,0.05,0.166666667,0.327868852,0.150537634,50,46.5,0.210606061,7.311320755,2.667644059,15.63,0.5,2025,잠실,0.951258394,0.286665464,-3.945141606,72.44906893,,2,1,1,16,12.5,1,0,100
2025-10-04,두산,김민석,21,21,247,228,52,12,2,62,7,3,1,2,3,3,0,1,3611562,41,68,184,0.228070175,0.269387755,0.298245614,0.567633369,0.04131758,0.070175439,0.251012146,0.048582996,0.193548387,0.303571429,0.122807018,247,228,0.195785893,15.11111111,2.217391304,39.034,0.445652174,2025,잠실,0.951258394,0.26217161,-14.55759007,56.43337823,,5,3,2,54,5.6,2,1,66.7
2025-10-04,두산,김민혁,1,2,21,17,2,4,0,6,0,0,1,0,0,0,0,0,1793140,1,5,15,0.117647059,0.285714286,0.294117647,0.579831933,0.168067227,0.176470588,0.285714286,0.19047619,0.666666667,0.1,0.411764706,21,17,0.20210084,1.2,2.16,3.522,0.6,2025,잠실,0.951258394,0.284257837,-0.8687031,70.87480444,,0,0,0,4,0,0,0,0
2025-10-04,두산,김성재,0,0,1,1,0,0,0,0,0,0,0,0,0,0,0,0,4087279,0,0,1,0,0,0,0,0,0,0,0,0,0,0,0,0,0,0,0,0.09,0,2025,잠실,0.951258394,0,-0.267509419,-114.9916461,,0,0,0,,8.8,,,73.1
2025-10-04,두산,김인태,25,17,225,183,39,36,5,57,10,1,3,0,1,2,0,0,864844,25,60,147,0.213114754,0.355555556,0.327868852,0.683424408,0.142440801,0.114754098,0.253333333,0.16,0.631578947,0.290322581,0.31147541,75,61,0.241967213,17.36842105,3.190118153,40.874,0.68707483,2025,잠실,0.951258394,0.331538991,-0.844217735,101.7903296,,1,0,1,39,5.1,0,1,0
2025-10-04,두산,김재환,50,42,407,344,83,57,4,96,13,2,13,0,2,4,0,3,450679,55,139,267,0.24127907,0.353808354,0.404069767,0.757878121,0.112529284,0.162790698,0.235872236,0.14004914,0.59375,0.29535865,0.328488372,31.30769231,26.46153846,0.260231201,40.98717949,4.144770959,82.832,0.74906367,2025,잠실,0.951258394,0.350293206,4.545344062,114.0530676,,9,7,2,85,4.7,0,0,0
2025-10-04,두산,김준상,0,1,17,15,3,0,1,8,1,0,0,1,0,0,0,0,4071521,2,4,13,0.2,0.25,0.266666667,0.516666667,0.05,0.066666667,0.470588235,0,0,0.428571429,0.066666667,0,0,0.179166667,0.666666667,1.384615385,1.676,0.384615385,2025,잠실,0.951258394,0.245991018,-1.220772635,45.85344371,,0,0,0,4,0,1,0,100
2025-10-04,두산,류현준,1,2,22,22,3,0,0,6,0,0,0,0,0,1,0,0,3891181,3,3,20,0.136363636,0.136363636,0.136363636,0.272727273,0,0,0.272727273,0,0,0.1875,0,0,0,0.095454545,0.272727273,0.368181818,1.712,0.15,2025,잠실,0.951258394,0.12689212,-3.664316047,-32.02124084,,0,0,0,5,20,0,1,0
2025-10-04,두산,박계범,27,23,198,175,46,14,1,45,9,2,1,7,1,4,0,0,1052979,34,62,141,0.262857143,0.319371728,0.354285714,0.673657442,0.056514585,0.091428571,0.227272727,0.070707071,0.311111111,0.346153846,0.171428571,198,175,0.232288706,14.2629108,2.731195685,34.42,0.546099291,2025,잠실,0.951258394,0.313425778,-3.596101157,89.94672087,,4,3,1,47,8.5,7,4,63.6
2025-10-04,두산,박민준,0,0,2,2,0,0,0,1,0,0,0,0,0,0,0,0,4071402,0,0,2,0,0,0,0,0,0,0.5,0,0,0,0,0,0,0,0,0,-0.008,0,2025,잠실,0.951258394,0,-0.535018837,-114.9916461,,0,0,0,1,0,0,0,0
2025-10-04,두산,박성재,0,0,7,7,0,0,0,5,0,0,0,0,0,0,0,0,3080581,0,0,7,0,0,0,0,0,0,0.714285714,0,0,0,0,0,0,0,0,0,-0.31,0,2025,잠실,0.951258394,0,-1.872565931,-114.9916461,,0,0,0,1,0,0,0,0
2025-10-04,두산,박준순,19,34,298,282,80,10,1,56,11,2,4,2,3,6,0,1,3988775,63,107,213,0.283687943,0.307432432,0.379432624,0.686865057,0.023744489,0.095744681,0.187919463,0.033557047,0.178571429,0.337777778,0.131205674,74.5,70.5,0.233202751,27.70226537,3.511554765,57.532,0.55399061,2025,잠실,0.951258394,0.31211823,-5.722301191,89.0917599,,12,10,2,62,9.7,2,0,100
2025-10-04,두산,박준영,10,9,126,111,25,10,3,32,8,0,1,1,1,1,0,0,1458315,16,36,89,0.225225225,0.304,0.324324324,0.628324324,0.078774775,0.099099099,0.253968254,0.079365079,0.3125,0.303797468,0.189189189,126,111,0.217881081,9.064748201,2.749979791,21.384,0.550561798,2025,잠실,0.951258394,0.296834473,-3.951538308,79.0982351,,3,3,0,21,4.8,1,2,33.3
2025-10-04,두산,박지훈,8,11,55,48,20,5,1,12,4,0,1,1,0,1,0,0,2736212,15,27,30,0.416666667,0.481481481,0.5625,1.043981481,0.064814815,0.145833333,0.218181818,0.090909091,0.416666667,0.542857143,0.25,55,48,0.357291667,10.62295082,9.560655738,13.794,1.1,2025,잠실,0.951258394,0.476488889,6.135990644,196.5680965,,1,1,0,7,14.3,1,0,100
2025-10-04,두산,안재석,20,25,147,135,43,11,0,27,16,1,4,1,0,3,0,1,2851314,22,73,96,0.318518519,0.369863014,0.540740741,0.910603754,0.051344495,0.222222222,0.183673469,0.074829932,0.407407407,0.375,0.303703704,36.75,33.75,0.301623541,23.10126582,6.497231013,35.104,0.875,2025,잠실,0.951258394,0.405395774,8.085737683,150.0827471,,3,2,1,27,11.1,1,1,50
2025-10-04,두산,양석환,31,32,294,262,65,24,5,82,16,0,8,0,3,6,0,1,1035495,41,105,206,0.248091603,0.319727891,0.400763359,0.72049125,0.071636288,0.152671756,0.278911565,0.081632653,0.292682927,0.325714286,0.244274809,36.75,32.75,0.244068391,27.63157895,3.621614716,54.514,0.650485437,2025,잠실,0.951258394,0.3296918,-1.535156295,100.5825147,,1,1,0,54,11.1,0,1,0
2025-10-04,두산,양의지,89,56,517,454,153,50,7,63,27,1,20,0,6,10,0,6,450095,105,242,317,0.337004405,0.406189555,0.533039648,0.939229203,0.06918515,0.196035242,0.121856867,0.096711799,0.793650794,0.352785146,0.306167401,25.85,22.7,0.316045212,81.79094077,6.966420822,134.386,0.943217666,2025,잠실,0.951258394,0.419416861,34.20449083,159.2506546,,6,4,2,105,9.5,0,0,0
2025-10-04,두산,여동건,2,6,21,19,2,2,0,2,0,0,0,0,0,1,0,0,3885723,2,2,18,0.105263158,0.19047619,0.105263158,0.295739348,0.085213033,0,0.095238095,0.095238095,1,0.117647059,0.105263158,0,0,0.112030075,0.260869565,0.391304348,2.464,0.222222222,2025,잠실,0.951258394,0.158690645,-2.966509574,-11.22927619,,1,0,1,6,16.7,0,0,0
2025-10-04,두산,오명진,41,38,371,331,87,27,3,94,14,4,4,7,3,3,0,1,2745405,65,121,257,0.262839879,0.321428571,0.365558912,0.686987484,0.058588692,0.102719033,0.253369272,0.07277628,0.287234043,0.351694915,0.18429003,92.75,82.75,0.236032585,31.38154613,3.296893952,67.178,0.587548638,2025,잠실,0.951258394,0.317339541,-5.582999305,92.50579594,,8,5,3,72,4.2,7,1,87.5
2025-10-04,두산,이선우,0,0,11,11,2,0,0,2,1,0,0,0,0,0,0,0,4071506,1,3,9,0.181818182,0.181818182,0.272727273,0.454545455,0,0.090909091,0.181818182,0,0,0.222222222,0.090909091,0,0,0.15,0.545454545,1.636363636,1.654,0.333333333,2025,잠실,0.951258394,0.203470899,-1.162009496,18.05099664,,0,0,0,1,0,0,0,0
2025-10-04,두산,이유찬,16,36,311,269,65,33,2,66,8,1,1,6,1,4,0,0,1962778,55,78,215,0.241635688,0.327868852,0.289962825,0.617831678,0.086233165,0.048327138,0.21221865,0.106109325,0.5,0.315270936,0.171003717,311,269,0.22003169,20.06358382,2.519612851,52.722,0.525581395,2025,잠실,0.951258394,0.299005458,-9.216260533,80.51776773,,14,12,2,50,8,6,1,85.7
2025-10-04,두산,임종성,11,7,89,83,23,3,1,26,4,0,2,1,1,1,0,0,4071389,17,33,63,0.277108434,0.306818182,0.397590361,0.704408543,0.029709748,0.120481928,0.292134831,0.033707865,0.115384615,0.375,0.156626506,44.5,41.5,0.237465772,8.516129032,3.649769585,16.172,0.587301587,2025,잠실,0.951258394,0.320637494,-1.105808453,94.66221445,,1,1,0,17,5.9,1,0,100
2025-10-04,두산,장승현,0,0,2,2,0,0,0,0,0,0,0,0,0,1,0,0,1834939,0,0,3,0,0,0,0,0,0,0,0,0,0,0,0,0,0,0,0,-0.19,0,2025,잠실,0.951258394,0,-0.535018837,-114.9916461,,0,0,0,1,100,0,0,0
2025-10-04,두산,전다민,0,5,12,12,1,0,0,0,0,0,0,0,0,1,0,0,3891174,1,1,12,0.083333333,0.083333333,0.083333333,0.166666667,0,0,0,0,0,0.083333333,0,0,0,0.058333333,0,0,1.12,0.083333333,2025,잠실,0.951258394,0.077545184,-2.469815969,-64.28750955,,3,3,0,5,20,0,0,0
2025-10-04,두산,정수빈,38,89,546,462,119,61,11,57,16,4,6,8,4,7,0,2,323457,93,161,362,0.257575758,0.355018587,0.348484848,0.703503436,0.09744283,0.090909091,0.104395604,0.111721612,1.070175439,0.280397022,0.222943723,91,77,0.246879576,44.80906149,3.342112321,114.484,0.643646409,2025,잠실,0.951258394,0.332970649,-1.426762064,102.7264412,,39,26,13,88,8,8,5,61.5
2025-10-04,두산,조수행,9,30,140,119,29,14,0,29,4,0,0,7,0,1,0,0,1608621,25,33,98,0.243697479,0.323308271,0.277310924,0.600619195,0.079610792,0.033613445,0.207142857,0.1,0.482758621,0.322222222,0.151260504,0,0,0.214816453,7.5,2.066326531,22.698,0.479591837,2025,잠실,0.951258394,0.29168451,-4.964188771,75.7308511,,37,30,7,31,3.2,7,2,77.8
2025-10-04,두산,천현재,0,0,3,3,0,0,0,0,0,0,0,0,0,1,0,0,4085325,0,0,4,0,0,0,0,0,0,0,0,0,0,0,0,0,0,0,0,-0.1,0,2025,잠실,0.951258394,0,-0.802528256,-114.9916461,,0,0,0,2,50,0,0,0
2025-10-04,두산,추재현,7,7,87,81,18,3,1,17,3,1,1,2,0,2,0,0,2490927,13,26,67,0.222222222,0.258823529,0.320987654,0.579811184,0.036601307,0.098765432,0.195402299,0.034482759,0.176470588,0.26984127,0.135802469,87,81,0.196717502,5.142857143,2.07249467,14.314,0.447761194,2025,잠실,0.951258394,0.26749744,-4.758954268,59.91575563,,0,0,0,17,11.8,2,0,100
2025-10-04,두산,케이브,87,72,593,538,161,43,4,116,28,6,16,0,8,7,0,1,3924917,111,249,392,0.299256506,0.350758853,0.462825279,0.813584132,0.051502348,0.163568773,0.195615514,0.072512648,0.370689655,0.350241546,0.243494424,37.0625,33.625,0.273547804,75.0890625,5.171950733,133.322,0.755102041,2025,잠실,0.951258394,0.367045721,14.52580775,125.0069622,,18,17,1,123,5.7,0,0,0
2025-10-04,두산,홍성호,3,3,27,26,9,1,0,8,1,0,2,0,0,0,0,1,3219326,6,16,17,0.346153846,0.37037037,0.615384615,0.985754986,0.024216524,0.269230769,0.296296296,0.037037037,0.125,0.4375,0.307692308,13.5,13,0.320512821,5.714285714,9.075630252,6.876,1,2025,잠실,0.951258394,0.426267663,1.933463078,163.7301595,,0,0,0,2,0,0,0,0
2025-10-04,롯데,강승구,0,0,1,1,0,0,0,0,0,0,0,0,0,0,0,0,4070748,0,0,1,0,0,0,0,0,0,0,0,0,0,0,0,0,0,0,0,0.09,0,2025,사직,1.048800092,0,-0.267509419,-124.7458159,,0,0,0,,8.8,,,73.1
2025-10-04,롯데,고승민,45,71,538,469,127,56,3,83,21,2,4,6,4,8,0,1,2507245,100,164,360,0.270788913,0.34962406,0.349680171,0.699304231,0.078835148,0.078891258,0.154275093,0.104089219,0.674698795,0.31865285,0.198294243,134.5,117.25,0.24475087,46.15075377,3.461306533,106.866,0.619444444,2025,사직,1.048800092,0.329488182,-2.896382012,90.69520573,,6,5,1,109,7.3,6,4,60
2025-10-04,롯데,김동혁,6,19,114,89,20,18,3,26,4,1,0,4,0,3,0,0,3692354,15,26,76,0.224719101,0.372727273,0.292134831,0.664862104,0.148008172,0.06741573,0.228070175,0.157894737,0.692307692,0.317460317,0.269662921,0,0,0.240760981,6.548148148,2.326315789,18.932,0.618421053,2025,사직,1.048800092,0.3307262,-0.501451605,91.50470373,,17,13,4,18,16.7,4,3,57.1
2025-10-04,롯데,김민성,35,25,254,214,52,33,4,48,13,0,3,2,1,7,0,1,319585,36,74,172,0.242990654,0.353174603,0.345794393,0.698968996,0.110183949,0.102803738,0.188976378,0.12992126,0.6875,0.298780488,0.257009346,84.66666667,71.33333333,0.24537717,20.08934708,3.153560297,47.586,0.645348837,2025,사직,1.048800092,0.332263563,-0.80661311,92.50993272,,1,0,1,47,14.9,2,1,66.7
2025-10-04,롯데,나승엽,44,40,392,328,75,55,5,65,12,2,9,3,1,10,0,2,2851457,52,118,267,0.228658537,0.347043702,0.359756098,0.706799799,0.118385165,0.131097561,0.165816327,0.140306122,0.846153846,0.258823529,0.298780488,43.55555556,36.44444444,0.24610869,31.58849558,3.194342249,77.24,0.666666667,2025,사직,1.048800092,0.333505114,-0.857665084,93.32173995,,0,0,0,87,11.5,3,1,75
2025-10-04,롯데,노진혁,5,11,69,63,17,5,1,20,1,2,1,0,0,0,0,0,678900,13,25,46,0.26984127,0.333333333,0.396825397,0.73015873,0.063492063,0.126984127,0.289855072,0.072463768,0.25,0.380952381,0.206349206,69,63,0.249206349,7.666666667,4.5,13.16,0.673913043,2025,사직,1.048800092,0.336818112,0.030894733,95.48799604,,0,0,0,18,0,0,0,0
2025-10-04,롯데,레이예스,107,75,643,573,187,58,3,66,44,1,13,0,9,25,0,17,3730363,129,272,420,0.326352531,0.385692068,0.47469459,0.860386658,0.059339538,0.148342059,0.102643857,0.090202177,0.878787879,0.345924453,0.2495637,49.46153846,44.07692308,0.292235078,82.68181818,5.31525974,151.562,0.792857143,2025,사직,1.048800092,0.381688443,23.24094151,124.8271662,,8,7,1,144,17.4,0,0,0
2025-10-04,롯데,박건우,1,1,3,3,2,0,0,1,0,0,0,0,0,0,0,0,4085351,2,2,1,0.666666667,0.666666667,0.666666667,1.333333333,0,0,0.333333333,0,0,1,0,0,0,0.466666667,1.333333333,36,0.902,2,2025,사직,1.048800092,0.620361475,0.678065853,280.8872765,,0,0,0,,8.8,,,73.1
2025-10-04,롯데,박승욱,5,10,92,84,16,5,1,30,3,0,0,2,0,0,0,0,792296,13,19,70,0.19047619,0.244444444,0.226190476,0.470634921,0.053968254,0.035714286,0.326086957,0.054347826,0.166666667,0.296296296,0.095238095,0,0,0.166547619,3.87755102,1.495626822,11.26,0.357142857,2025,사직,1.048800092,0.227396042,-7.967519422,23.94065695,,2,1,1,20,0,2,3,40
2025-10-04,롯데,박재엽,3,2,16,14,4,2,0,5,1,0,1,0,0,0,0,0,4036532,2,8,10,0.285714286,0.375,0.571428571,0.946428571,0.089285714,0.285714286,0.3125,0.125,0.4,0.375,0.428571429,16,14,0.311607143,2.666666667,7.2,3.8,1,2025,사직,1.048800092,0.42101096,1.078843993,150.5388117,,0,0,0,2,0,0,0,0
2025-10-04,롯데,박찬형,19,21,148,129,44,11,7,26,8,2,3,0,1,1,0,1,4084443,31,65,87,0.341085271,0.418918919,0.503875969,0.922794888,0.077833648,0.162790698,0.175675676,0.074324324,0.423076923,0.405940594,0.248062016,49.33333333,43,0.314482506,23.4939759,7.291233901,36.452,0.954022989,2025,사직,1.048800092,0.419163908,9.761831201,149.3310876,,2,1,1,22,4.5,0,1,0
2025-10-04,롯데,손성빈,3,6,69,62,9,4,1,20,0,0,1,2,0,1,0,0,2852561,8,12,56,0.14516129,0.208955224,0.193548387,0.402503611,0.063793934,0.048387097,0.289855072,0.057971014,0.2,0.195121951,0.112903226,69,62,0.142416948,1.783783784,0.86003861,7.86,0.303571429,2025,사직,1.048800092,0.197766332,-7.602110964,4.566805934,,0,0,0,13,7.7,2,1,66.7
2025-10-04,롯데,손호영,41,39,375,328,82,22,10,66,12,0,4,11,4,9,0,0,2699438,66,106,270,0.25,0.313186813,0.323170732,0.636357545,0.063186813,0.073170732,0.176,0.058666667,0.333333333,0.297709924,0.140243902,93.75,82,0.221726749,23.43980344,2.343980344,66.602,0.511111111,2025,사직,1.048800092,0.300408041,-10.69441763,71.6806989,,7,7,0,85,10.6,11,1,91.7
2025-10-04,롯데,신윤후,0,1,13,12,2,0,0,3,0,0,0,1,0,0,0,0,2513790,2,2,11,0.166666667,0.166666667,0.166666667,0.333333333,0,0,0.230769231,0,0,0.222222222,0,0,0,0.116666667,0.153846154,0.377622378,1.376,0.181818182,2025,사직,1.048800092,0.155090369,-1.873645491,-23.33754276,,1,1,0,3,0,1,0,100
2025-10-04,롯데,유강남,38,35,350,303,83,26,13,66,18,0,5,3,5,11,0,0,588862,60,116,239,0.273927393,0.351585014,0.382838284,0.734423298,0.077657622,0.108910891,0.188571429,0.074285714,0.393939394,0.329113924,0.194719472,70,60.6,0.253922827,30.71465296,3.469856192,68.712,0.648535565,2025,사직,1.048800092,0.34279935,1.822152662,99.3989223,,0,0,0,78,14.1,3,2,60
2025-10-04,롯데,윤동희,53,54,399,330,93,49,11,65,21,1,9,3,6,12,0,2,3227755,62,143,258,0.281818182,0.386363636,0.433333333,0.81969697,0.104545455,0.151515152,0.162907268,0.122807018,0.753846154,0.320610687,0.3,44.33333333,36.66666667,0.28219697,41.12418301,4.30369357,87.35,0.786821705,2025,사직,1.048800092,0.3773659,13.0495842,122.0008035,,6,4,2,84,14.3,3,1,75
2025-10-04,롯데,이태경,0,0,1,1,0,0,0,1,0,0,0,0,0,0,0,0,4070547,0,0,1,0,0,0,0,0,0,1,0,0,0,0,0,0,0,0,0,-0.098,0,2025,사직,1.048800092,0,-0.267509419,-124.7458159,,0,0,0,1,0,0,0,0
2025-10-04,롯데,이호준,23,20,153,132,32,14,3,33,7,4,3,3,1,3,0,0,4070532,18,56,107,0.242424242,0.326666667,0.424242424,0.750909091,0.084242424,0.181818182,0.215686275,0.091503268,0.424242424,0.298969072,0.287878788,51,44,0.253060606,13.83529412,3.491148983,30.476,0.682242991,2025,사직,1.048800092,0.342538378,0.764775569,99.22828176,,1,1,0,34,8.8,3,0,100
2025-10-04,롯데,장두성,25,51,284,248,65,24,3,64,3,3,0,7,2,3,0,0,2966767,59,74,195,0.262096774,0.332129964,0.298387097,0.630517061,0.07003319,0.036290323,0.225352113,0.084507042,0.375,0.349462366,0.133064516,0,0,0.224055258,19.03536977,2.635666584,48.308,0.517948718,2025,사직,1.048800092,0.302254174,-7.682128172,72.88782235,,22,17,5,47,6.4,7,4,63.6
2025-10-04,롯데,전민재,34,39,369,331,95,22,4,63,15,0,5,10,2,7,0,0,2647420,75,125,255,0.287009063,0.337047354,0.377643505,0.714690858,0.05003829,0.090634441,0.170731707,0.059620596,0.349206349,0.339622642,0.157099698,73.8,66.2,0.246082185,32.27848101,3.417721519,72.286,0.592156863,2025,사직,1.048800092,0.331865038,-1.288802772,92.24935096,,6,3,3,80,8.8,10,0,100
2025-10-04,롯데,전준우,70,50,472,410,120,44,9,71,26,1,8,3,6,9,0,2,247282,85,172,308,0.292682927,0.368869936,0.419512195,0.788382131,0.076187009,0.126829268,0.150423729,0.093220339,0.61971831,0.332344214,0.234146341,59,51.25,0.27086952,50.78095238,4.451576994,103.382,0.730519481,2025,사직,1.048800092,0.362556688,9.876217692,112.3175682,,3,2,1,101,8.9,3,0,100
2025-10-04,롯데,정보근,15,4,152,129,24,18,1,39,4,1,1,4,0,4,0,1,2564650,18,33,113,0.186046512,0.290540541,0.255813953,0.546354494,0.104494029,0.069767442,0.256578947,0.118421053,0.461538462,0.258426966,0.209302326,152,129,0.194696732,6.754385965,1.613879832,21.528,0.460176991,2025,사직,1.048800092,0.265289557,-8.581481459,48.71792706,,0,0,0,28,14.3,4,0,100
2025-10-04,롯데,정훈,11,14,200,185,40,10,3,40,11,0,2,2,0,4,0,1,510077,27,57,151,0.216216216,0.267676768,0.308108108,0.575784876,0.051460551,0.091891892,0.2,0.05,0.25,0.265734266,0.145945946,100,92.5,0.197481572,12.57746479,2.248950658,32.76,0.463576159,2025,사직,1.048800092,0.267124422,-10.99947605,49.91768194,,0,0,0,41,9.8,2,0,100
2025-10-04,롯데,조세진,0,1,9,7,1,2,0,4,0,0,0,0,0,0,0,0,3198236,1,1,6,0.142857143,0.333333333,0.142857143,0.476190476,0.19047619,0,0.444444444,0.222222222,0.5,0.333333333,0.285714286,0,0,0.185714286,0.272727273,1.227272727,0.968,0.5,2025,사직,1.048800092,0.266884591,-0.496693604,49.76086521,,0,0,0,,8.8,,,73.1
2025-10-04,롯데,최항,1,1,7,6,1,1,0,4,0,0,0,0,0,0,0,0,723399,1,1,5,0.166666667,0.285714286,0.166666667,0.452380952,0.119047619,0,0.571428571,0.142857143,0.25,0.5,0.166666667,0,0,0.170238095,0.25,1.35,0.538,0.4,2025,사직,1.048800092,0.238035967,-0.546971821,30.89773901,,0,0,0,1,0,0,0,0
2025-10-04,롯데,한승현,1,1,19,17,1,1,0,6,0,0,0,0,1,0,0,0,4070553,1,1,17,0.058823529,0.105263158,0.058823529,0.164086687,0.046439628,0,0.315789474,0.052631579,0.166666667,0.083333333,0.058823529,0,0,0.062074303,0.05,0.079411765,1.522,0.117647059,2025,사직,1.048800092,0.087697461,-3.757084846,-67.40345353,,2,1,1,1,0,0,0,0
2025-10-04,롯데,한태양,22,42,267,230,63,32,2,69,14,2,2,3,0,3,0,0,3224552,45,87,173,0.273913043,0.367424242,0.37826087,0.745685112,0.093511199,0.104347826,0.258426966,0.119850187,0.463768116,0.383647799,0.243478261,133.5,115,0.259906126,26.30232558,4.104987229,50.168,0.699421965,2025,사직,1.048800092,0.351304609,3.196670144,104.9602192,,5,3,2,42,7.1,3,0,100
2025-10-04,롯데,황성빈,22,43,273,246,63,18,4,46,4,4,1,3,2,3,0,0,3212874,54,78,191,0.256097561,0.314814815,0.317073171,0.631887986,0.058717254,0.06097561,0.168498168,0.065934066,0.391304348,0.308457711,0.134146341,273,246,0.220934959,20.35932203,2.878019345,50.532,0.523560209,2025,사직,1.048800092,0.298056546,-8.296248597,70.14313734,,29,25,4,45,6.7,3,1,75
2025-10-04,삼성,강민호,71,37,465,412,111,38,7,69,23,1,12,1,7,16,0,4,149157,75,172,325,0.269417476,0.336206897,0.417475728,0.753682625,0.066789421,0.148058252,0.148387097,0.08172043,0.550724638,0.292899408,0.240291262,38.75,34.33333333,0.255662035,44.51764706,3.69838914,98.148,0.667692308,2025,대구,1.040617253,0.341412674,1.907882959,99.31050625,,4,2,2,90,17.8,1,1,50
2025-10-04,삼성,구자욱,96,106,616,529,169,73,5,91,43,2,19,1,8,9,0,7,844051,105,273,378,0.319470699,0.401626016,0.516068053,0.917694069,0.082155317,0.196597353,0.147727273,0.118506494,0.802197802,0.351288056,0.334593573,32.42105263,27.84210526,0.309748721,90.08213256,6.43443804,153.752,0.928571429,2025,대구,1.040617253,0.410273931,36.27368835,144.3365205,,5,4,1,176,5.1,1,0,100
2025-10-04,삼성,김도환,1,3,14,14,4,0,0,4,1,0,0,0,0,0,0,0,2559082,3,5,10,0.285714286,0.285714286,0.357142857,0.642857143,0,0.071428571,0.285714286,0,0,0.4,0.071428571,0,0,0.217857143,1.428571429,3.857142857,2.368,0.5,2025,대구,1.040617253,0.292804594,-0.483943643,67.52734994,,0,0,0,2,0,0,0,0
2025-10-04,삼성,김성윤,61,92,538,456,151,65,5,54,29,9,6,10,2,11,0,0,1786762,107,216,328,0.331140351,0.418560606,0.473684211,0.892244817,0.087420255,0.14254386,0.100371747,0.120817844,1.203703704,0.364321608,0.285087719,89.66666667,76,0.306773325,70.34210526,5.790356226,130.548,0.87195122,2025,대구,1.040617253,0.410124467,31.61661972,144.2387913,,33,26,7,122,9,10,8,55.6
2025-10-04,삼성,김영웅,72,66,499,446,111,48,2,143,22,2,22,0,3,6,0,3,3283321,65,203,344,0.248878924,0.322645291,0.455156951,0.777802241,0.073766367,0.206278027,0.286573146,0.096192385,0.335664336,0.313380282,0.313901345,22.68181818,20.27272727,0.258979618,56.20400729,4.411361037,100.986,0.735465116,2025,대구,1.040617253,0.349397721,5.217301526,104.5316545,,8,6,2,106,5.7,0,1,0
2025-10-04,삼성,김재성,4,3,73,63,8,6,2,23,2,0,0,1,1,0,0,0,1591904,6,10,57,0.126984127,0.222222222,0.158730159,0.380952381,0.095238095,0.031746032,0.315068493,0.082191781,0.260869565,0.195121951,0.126984127,0,0,0.13968254,1.728395062,0.81871345,8.196,0.315789474,2025,대구,1.040617253,0.196486866,-8.117118676,4.548490549,,0,0,0,9,0,1,0,100
2025-10-04,삼성,김재혁,0,2,4,3,0,1,0,2,0,0,0,0,0,0,0,0,3198269,0,0,3,0,0.25,0,0.25,0.25,0,0.5,0.25,0.5,0,0.333333333,0,0,0.1125,0,0,0.234,0.333333333,2025,대구,1.040617253,0.183927389,-0.48474062,-3.663720635,,0,0,0,,8.8,,,73.1
2025-10-04,삼성,김지찬,23,59,373,317,89,38,5,44,9,2,0,10,3,7,0,0,2697432,78,102,248,0.280757098,0.363636364,0.321766562,0.685402925,0.082879266,0.041009464,0.117962466,0.101876676,0.863636364,0.322463768,0.160883281,0,0,0.244078004,27.46153846,2.989764268,73.348,0.584677419,2025,대구,1.040617253,0.329029512,-2.144192823,91.21358136,,25,22,3,66,10.6,10,4,71.4
2025-10-04,삼성,김태근,0,2,14,12,4,2,0,4,0,0,0,0,0,0,0,0,2562867,4,4,8,0.333333333,0.428571429,0.333333333,0.761904762,0.095238095,0,0.285714286,0.142857143,0.5,0.5,0.166666667,0,0,0.276190476,1.5,5.0625,2.648,0.75,2025,대구,1.040617253,0.370970569,0.386650467,118.6373998,,0,0,0,5,0,0,1,0
2025-10-04,삼성,김태훈,8,4,98,93,22,3,0,24,1,0,2,2,0,0,0,0,715622,19,29,73,0.23655914,0.260416667,0.311827957,0.572244624,0.023857527,0.075268817,0.244897959,0.030612245,0.125,0.298507463,0.107526882,49,46.5,0.195144489,6.603960396,2.442560694,16.078,0.438356164,2025,대구,1.040617253,0.26444934,-5.598304204,48.98682198,,1,1,0,26,0,2,0,100
2025-10-04,삼성,김헌곤,11,21,191,173,39,11,4,29,6,0,2,2,1,4,0,0,588813,31,51,141,0.225433526,0.285714286,0.294797688,0.580511974,0.06028076,0.069364162,0.151832461,0.057591623,0.379310345,0.258741259,0.132947977,95.5,86.5,0.202270851,11.63592233,2.22815534,33.378,0.468085106,2025,대구,1.040617253,0.275375898,-9.25068021,56.13132344,,3,2,1,36,11.1,2,0,100
2025-10-04,삼성,디아즈,158,93,628,551,173,60,6,100,32,0,50,0,11,15,0,10,3869434,91,355,404,0.313974592,0.380573248,0.644283122,1.02485637,0.066598657,0.33030853,0.159235669,0.095541401,0.6,0.298543689,0.439201452,12.56,11.02,0.332328742,108.9553314,7.281668188,175.82,1.042079208,2025,대구,1.040617253,0.441284364,52.47338646,164.6131793,,1,1,0,157,9.6,0,0,0
2025-10-04,삼성,류지혁,37,54,464,400,112,33,13,73,14,0,1,14,4,11,0,0,793973,97,129,317,0.28,0.351111111,0.3225,0.673611111,0.071111111,0.0425,0.157327586,0.07112069,0.452054795,0.336363636,0.125,464,400,0.238625,32.62941176,2.779161254,85.826,0.552050473,2025,대구,1.040617253,0.322037146,-5.248449799,86.64151331,,17,11,6,85,12.9,14,3,82.4
2025-10-04,삼성,박병호,33,26,232,196,39,27,7,70,5,0,15,0,2,5,0,0,243696,19,89,164,0.198979592,0.314655172,0.454081633,0.768736805,0.115675581,0.255102041,0.301724138,0.11637931,0.385714286,0.212389381,0.392857143,15.46666667,13.06666667,0.255115236,22.08270677,3.635567577,46.12,0.75,2025,대구,1.040617253,0.348677154,2.292685319,104.0605009,,0,0,0,35,14.3,0,0,0
2025-10-04,삼성,박승규,14,39,200,174,50,21,4,43,5,0,6,1,0,2,0,0,2561065,39,73,127,0.287356322,0.376884422,0.41954023,0.796424652,0.0895281,0.132183908,0.215,0.105,0.488372093,0.352,0.252873563,33.33333333,29,0.274483047,23.36,4.966299213,42.616,0.771653543,2025,대구,1.040617253,0.371477271,5.604199969,118.9687151,,9,5,4,28,7.1,1,0,100
2025-10-04,삼성,박진우,0,0,1,1,0,0,0,0,0,0,0,0,0,0,0,0,960709,0,0,1,0,0,0,0,0,0,0,0,0,0,0,0,0,0,0,0,0.09,0,2025,대구,1.040617253,0,-0.267509419,-123.927532,,0,0,0,,8.8,,,73.1
2025-10-04,삼성,심재훈,2,8,43,38,7,4,0,13,0,0,0,1,0,0,0,0,3997203,7,7,32,0.184210526,0.261904762,0.184210526,0.446115288,0.077694236,0,0.302325581,0.093023256,0.307692308,0.28,0.105263158,0,0,0.163909774,1.489361702,1.256648936,5.246,0.34375,2025,대구,1.040617253,0.225157945,-3.800511983,23.29552637,,4,3,1,6,0,1,0,100
2025-10-04,삼성,안주형,2,3,18,17,4,1,0,5,0,0,1,0,0,1,0,0,1764268,3,7,14,0.235294118,0.277777778,0.411764706,0.689542484,0.04248366,0.176470588,0.277777778,0.055555556,0.2,0.272727273,0.235294118,18,17,0.227941176,1.473684211,2.842105263,3.14,0.571428571,2025,대구,1.040617253,0.312409463,-0.341471899,80.34630144,,1,0,1,7,14.3,0,0,0
2025-10-04,삼성,양도근,16,23,198,166,43,18,2,41,5,0,0,11,1,3,0,0,3890864,38,48,138,0.259036145,0.336898396,0.289156627,0.626055022,0.077862251,0.030120482,0.207070707,0.090909091,0.43902439,0.341269841,0.138554217,0,0,0.223893435,10.56880734,2.067810132,32.462,0.492753623,2025,대구,1.040617253,0.30307932,-5.225873132,74.24564071,,6,5,1,47,6.4,11,4,73.3
2025-10-04,삼성,양우현,4,3,16,16,3,0,0,2,1,0,0,0,0,0,0,0,2575182,2,4,13,0.1875,0.1875,0.25,0.4375,0,0.0625,0.125,0,0,0.214285714,0.0625,0,0,0.146875,0.75,1.557692308,2.514,0.307692308,2025,대구,1.040617253,0.198045132,-1.759259535,5.567387288,,0,0,0,5,0,0,0,0
2025-10-04,삼성,윤정빈,3,3,46,40,7,4,0,18,1,0,0,0,2,1,0,0,2640564,6,8,36,0.175,0.239130435,0.2,0.439130435,0.064130435,0.025,0.391304348,0.086956522,0.222222222,0.291666667,0.125,0,0,0.157608696,1.28,0.96,5.036,0.333333333,2025,대구,1.040617253,0.213776721,-4.482165658,15.85373419,,0,0,0,10,10,0,0,0
2025-10-04,삼성,이병헌,7,5,59,55,11,3,1,13,3,0,1,0,0,1,0,0,3287836,7,17,45,0.2,0.254237288,0.309090909,0.563328197,0.054237288,0.109090909,0.220338983,0.050847458,0.230769231,0.243902439,0.163636364,59,55,0.191679507,3.777777778,2.266666667,9.606,0.466666667,2025,대구,1.040617253,0.262830602,-3.446387518,47.92838444,,0,0,0,10,10,0,1,0
2025-10-04,삼성,이성규,21,17,154,126,25,15,10,52,5,1,6,1,2,3,0,0,1466914,13,50,107,0.198412698,0.326797386,0.396825397,0.723622782,0.128384687,0.198412698,0.337662338,0.097402597,0.288461538,0.271428571,0.317460317,25.66666667,21,0.246265173,12.29050279,3.101341826,27.264,0.700934579,2025,대구,1.040617253,0.33702909,0.094801455,96.44423083,,4,2,2,33,9.1,1,0,100
2025-10-04,삼성,이재현,67,82,555,457,116,69,11,119,29,1,16,10,8,8,0,1,3196393,70,195,367,0.253829322,0.359633028,0.426695842,0.78632887,0.105803706,0.172866521,0.214414414,0.124324324,0.579831933,0.303030303,0.323851204,34.6875,28.5625,0.268508823,52.20472441,3.840674548,115.788,0.749318801,2025,대구,1.040617253,0.361598793,11.18998318,112.5095169,,7,6,1,97,8.2,10,0,100
2025-10-04,삼성,이창용,2,2,17,15,3,2,0,8,1,0,1,0,0,0,0,0,4070427,1,7,12,0.2,0.294117647,0.466666667,0.760784314,0.094117647,0.266666667,0.470588235,0.117647059,0.25,0.333333333,0.4,17,15,0.249019608,1.842105263,4.144736842,2.916,0.75,2025,대구,1.040617253,0.341507832,0.07103752,99.37272694,,1,1,0,5,0,0,0,0
2025-10-04,삼성,이해승,1,2,5,5,1,0,0,2,0,0,0,0,0,0,0,0,3227761,1,1,4,0.2,0.2,0.2,0.4,0,0,0.4,0,0,0.333333333,0,0,0,0.14,0.2,1.35,0.484,0.25,2025,대구,1.040617253,0.186108443,-0.597250039,-2.237604295,,0,0,0,,8.8,,,73.1
2025-10-04,삼성,전병우,13,11,97,77,21,19,1,27,2,0,1,0,0,3,0,0,2034879,18,26,59,0.272727273,0.422680412,0.337662338,0.76034275,0.14995314,0.064935065,0.278350515,0.195876289,0.703703704,0.408163265,0.311688312,97,77,0.27462177,8.444444444,3.86440678,17.534,0.779661017,2025,대구,1.040617253,0.373264794,2.855977995,120.1375153,,1,1,0,17,17.6,0,0,0
2025-10-04,삼성,차승준,0,0,1,1,0,0,0,0,0,0,0,0,0,0,0,0,4083590,0,0,1,0,0,0,0,0,0,0,0,0,0,0,0,0,0,0,0,0.09,0,2025,대구,1.040617253,0,-0.267509419,-123.927532,,0,0,0,,8.8,,,73.1
2025-10-04,삼성,함수호,1,1,14,14,3,0,0,6,0,0,0,0,0,0,0,0,4070424,3,3,11,0.214285714,0.214285714,0.214285714,0.428571429,0,0,0.428571429,0,0,0.375,0,0,0,0.15,0.642857143,1.577922078,1.362,0.272727273,2025,대구,1.040617253,0.199401903,-1.524240697,6.454533399,,0,0,0,2,0,0,0,0
2025-10-04,삼성,홍현빈,0,8,38,32,4,3,1,8,2,0,0,2,0,0,0,0,1749290,2,6,30,0.125,0.222222222,0.1875,0.409722222,0.097222222,0.0625,0.210526316,0.078947368,0.375,0.166666667,0.15625,0,0,0.146875,0.857142857,0.771428571,4.896,0.333333333,2025,대구,1.040617253,0.20696174,-3.908682781,11.39765147,,0,0,0,9,0,2,0,100
2025-10-04,키움,강진성,1,1,13,11,2,2,0,1,0,0,0,0,0,2,0,0,678906,2,2,11,0.181818182,0.307692308,0.181818182,0.48951049,0.125874126,0,0.076923077,0.153846154,2,0.2,0.181818182,0,0,0.183916084,0.266666667,0.654545455,1.562,0.363636364,2025,고척,0.966690514,0.256346426,-0.826434224,51.08127795,,0,0,0,3,66.7,0,0,0
2025-10-04,키움,고영우,2,4,26,23,5,2,0,6,1,0,0,1,0,2,0,0,3780715,4,6,21,0.217391304,0.28,0.260869565,0.540869565,0.062608696,0.043478261,0.230769231,0.076923077,0.333333333,0.294117647,0.130434783,0,0,0.191217391,0.857142857,1.102040816,3.192,0.380952381,2025,고척,0.966690514,0.260049026,-1.576282327,53.50228102,,0,0,0,4,50,1,0,100
2025-10-04,키움,권혁빈,1,1,24,20,2,2,0,7,0,0,0,2,0,1,0,0,3977732,2,2,21,0.1,0.181818182,0.1,0.281818182,0.081818182,0,0.291666667,0.083333333,0.285714286,0.153846154,0.1,0,0,0.106818182,0.076923077,0.098901099,1.694,0.19047619,2025,고척,0.966690514,0.151477433,-3.528020719,-17.4889595,,0,0,0,5,20,2,0,100
2025-10-04,키움,김건희,25,24,344,322,78,13,0,102,20,2,3,7,2,10,0,0,3612591,53,111,263,0.242236025,0.270029674,0.344720497,0.61475017,0.027793649,0.102484472,0.296511628,0.037790698,0.12745098,0.342465753,0.142857143,114.6666667,107.3333333,0.207693477,22.38655462,2.298239448,51.824,0.47148289,2025,고척,0.966690514,0.280765177,-15.18602293,67.04786207,,3,2,1,66,15.2,7,1,87.5
2025-10-04,키움,김동엽,2,2,29,27,6,2,0,11,2,0,0,0,0,1,0,0,1472305,4,8,22,0.222222222,0.275862069,0.296296296,0.572158365,0.053639847,0.074074074,0.379310345,0.068965517,0.181818182,0.375,0.148148148,0,0,0.198212005,1.806451613,2.217008798,3.572,0.454545455,2025,고척,0.966690514,0.269271149,-1.545396704,59.5323112,,0,0,0,6,16.7,0,0,0
2025-10-04,키움,김동헌,8,8,91,82,22,7,1,23,3,0,0,0,1,0,0,0,3612598,19,25,61,0.268292683,0.32967033,0.304878049,0.634548378,0.061377647,0.036585366,0.252747253,0.076923077,0.304347826,0.366666667,0.12195122,0,0,0.224571161,7.323232323,3.2414307,15.826,0.540983607,2025,고척,0.966690514,0.302421057,-2.449445459,81.2078988,,0,0,0,16,0,0,0,0
2025-10-04,키움,김병휘,0,2,6,4,1,2,0,1,0,0,0,0,0,0,0,0,2763369,1,1,3,0.25,0.5,0.25,0.75,0.25,0,0.166666667,0.333333333,2,0.333333333,0.5,0,0,0.2875,0.375,3.375,1.262,1,2025,고척,0.966690514,0.400326887,0.305834652,145.2251635,,0,0,0,,8.8,,,73.1
2025-10-04,키움,김웅빈,0,1,31,24,2,6,0,7,0,0,0,1,0,2,0,0,1591202,2,2,25,0.083333333,0.266666667,0.083333333,0.35,0.183333333,0,0.225806452,0.193548387,0.857142857,0.117647059,0.25,0,0,0.140833333,0.27027027,0.291891892,3.004,0.32,2025,고척,0.966690514,0.209178058,-3.134002994,20.23950028,,0,0,0,9,22.2,1,0,100
2025-10-04,키움,김재현,5,12,128,120,25,1,3,31,5,0,0,4,0,1,0,0,715619,20,30,100,0.208333333,0.233870968,0.25,0.483870968,0.025537634,0.041666667,0.2421875,0.0078125,0.032258065,0.280898876,0.05,0,0,0.167741935,5.454545455,1.472727273,17.472,0.34,2025,고척,0.966690514,0.227307619,-11.0942486,32.09379807,,1,1,0,25,4,4,1,80
2025-10-04,키움,김태진,25,27,304,279,65,20,0,53,11,2,5,2,3,6,0,1,1039515,47,95,225,0.23297491,0.281456954,0.340501792,0.621958746,0.048482043,0.107526882,0.174342105,0.065789474,0.377358491,0.267857143,0.17921147,60.8,55.8,0.211781077,21.69753086,2.603703704,55.676,0.511111111,2025,고척,0.966690514,0.285289694,-12.32595836,70.00628852,,2,1,1,51,11.8,2,3,40
2025-10-04,키움,박수종,2,6,45,42,6,3,0,12,0,0,1,0,0,0,0,0,3663057,5,9,36,0.142857143,0.2,0.214285714,0.414285714,0.057142857,0.071428571,0.266666667,0.066666667,0.25,0.172413793,0.142857143,45,42,0.143571429,1.6875,1.265625,5.944,0.333333333,2025,고척,0.966690514,0.199019419,-4.913037984,13.59711462,,1,1,0,6,0,0,0,0
2025-10-04,키움,박주홍,23,33,283,248,56,30,1,72,11,3,3,2,2,5,0,0,2622616,39,82,201,0.225806452,0.309608541,0.330645161,0.640253702,0.083802089,0.10483871,0.254416961,0.106007067,0.416666667,0.302857143,0.225806452,94.33333333,82.66666667,0.221985134,20.36942675,2.736191653,48.114,0.562189055,2025,고척,0.966690514,0.30157564,-7.807844915,80.65510993,,12,11,1,61,8.2,2,1,66.7
2025-10-04,키움,변상권,4,2,20,19,5,0,0,2,2,0,0,0,1,0,0,0,2704356,3,7,15,0.263157895,0.25,0.368421053,0.618421053,-0.013157895,0.105263158,0.1,0,0,0.277777778,0.105263158,0,0,0.204605263,1.4,2.52,4.194,0.466666667,2025,고척,0.966690514,0.2703451,-1.0487031,60.23453089,,0,0,0,4,0,0,0,0
2025-10-04,키움,서유신,0,0,8,7,0,1,0,4,0,0,0,0,0,0,0,0,4089703,0,0,7,0,0.125,0,0.125,0.125,0,0.5,0.125,0.25,0,0.142857143,0,0,0.05625,0,0,0.218,0.142857143,2025,고척,0.966690514,0.091963694,-1.554778295,-56.40295237,,0,0,0,,8.8,,,73.1
2025-10-04,키움,송성문,90,103,646,574,181,68,1,96,37,4,26,0,3,6,0,5,1582021,114,304,402,0.31533101,0.386996904,0.529616725,0.916613629,0.071665894,0.214285714,0.148606811,0.105263158,0.708333333,0.340659341,0.332752613,24.84615385,22.07692308,0.306552788,102.4671329,6.882120864,164.462,0.927860697,2025,고척,0.966690514,0.409775702,37.78420994,151.4034193,,27,25,2,121,5,0,1,0
2025-10-04,키움,송지후,8,5,86,80,14,3,2,18,3,0,1,0,1,3,0,0,3891885,10,20,70,0.175,0.220930233,0.25,0.470930233,0.045930233,0.075,0.209302326,0.034883721,0.166666667,0.209677419,0.1125,86,80,0.161918605,3.296703297,1.271585557,12.116,0.357142857,2025,고척,0.966690514,0.221694957,-7.837953603,28.42387118,,1,0,1,18,16.7,0,0,0
2025-10-04,키움,스톤,15,4,93,87,21,5,0,24,0,0,2,0,1,2,0,0,4003016,19,27,69,0.24137931,0.279569892,0.310344828,0.58991472,0.038190582,0.068965517,0.258064516,0.053763441,0.208333333,0.306451613,0.126436782,46.5,43.5,0.203392659,6.336734694,2.479591837,15.138,0.463768116,2025,고척,0.966690514,0.274741055,-4.551227787,63.10889508,,0,0,0,10,20,0,0,0
2025-10-04,키움,양현종,0,1,14,12,1,2,0,5,0,0,0,0,0,0,0,0,3977730,1,1,11,0.083333333,0.214285714,0.083333333,0.297619048,0.130952381,0,0.357142857,0.142857143,0.4,0.142857143,0.166666667,0,0,0.117261905,0.1875,0.460227273,1.23,0.272727273,2025,고척,0.966690514,0.171568666,-1.834240697,-4.351991659,,0,0,0,4,0,0,0,0
2025-10-04,키움,어준서,27,48,360,324,77,30,2,75,9,1,6,3,1,10,0,1,3976950,61,106,261,0.237654321,0.305322129,0.327160494,0.632482623,0.067667808,0.089506173,0.208333333,0.083333333,0.4,0.290983607,0.182098765,60,54,0.219185081,25.68877551,2.657459536,62.37,0.528735632,2025,고척,0.966690514,0.296699124,-11.32887333,77.46652313,,1,1,0,75,13.3,3,1,75
2025-10-04,키움,여동욱,2,6,61,53,7,7,0,21,1,0,2,1,0,2,0,0,3976176,4,14,49,0.132075472,0.233333333,0.264150943,0.497484277,0.101257862,0.132075472,0.344262295,0.114754098,0.333333333,0.166666667,0.264150943,30.5,26.5,0.171037736,2.264705882,1.24789916,7.472,0.428571429,2025,고척,0.966690514,0.239530695,-4.693931321,40.08604838,,0,0,0,19,10.5,1,0,100
2025-10-04,키움,염승원,1,2,21,19,4,1,0,6,0,0,0,0,1,0,0,0,4073227,4,4,16,0.210526316,0.238095238,0.210526316,0.448621554,0.027568922,0,0.285714286,0.047619048,0.166666667,0.285714286,0.052631579,0,0,0.159774436,0.727272727,1.227272727,2.932,0.3125,2025,고척,0.966690514,0.212279924,-2.071212519,22.26770384,,0,0,0,3,0,0,0,0
2025-10-04,키움,오선진,19,15,163,143,34,12,3,45,8,0,1,4,1,2,0,0,308768,25,45,116,0.237762238,0.308176101,0.314685315,0.622861415,0.070413863,0.076923077,0.27607362,0.073619632,0.266666667,0.336734694,0.160839161,163,143,0.217350574,10.61797753,2.471425804,25.94,0.517241379,2025,고척,0.966690514,0.295286843,-5.31260008,76.54308149,,0,0,0,30,6.7,4,1,80
2025-10-04,키움,원성준,4,5,53,46,8,7,0,18,1,0,2,0,0,1,0,0,3836121,5,15,39,0.173913043,0.283018868,0.326086957,0.609105824,0.109105824,0.152173913,0.339622642,0.132075472,0.388888889,0.230769231,0.304347826,26.5,23,0.20888023,3.5,2.423076923,8.146,0.564102564,2025,고척,0.966690514,0.288724225,-2.004118642,72.25201033,,0,0,0,7,14.3,0,1,0
2025-10-04,키움,이승원,0,0,2,2,0,0,0,0,0,0,0,0,0,0,0,0,3612589,0,0,2,0,0,0,0,0,0,0,0,0,0,0,0,0,0,0,0,0.18,0,2025,고척,0.966690514,0,-0.535018837,-116.5348581,,0,0,0,,8.8,,,73.1
2025-10-04,키움,이용규,0,7,41,37,8,3,0,8,1,0,0,1,0,1,0,0,176317,7,9,31,0.216216216,0.275,0.243243243,0.518243243,0.058783784,0.027027027,0.195121951,0.073170732,0.375,0.275862069,0.108108108,0,0,0.184560811,1.840909091,1.603372434,6.016,0.387096774,2025,고척,0.966690514,0.250714046,-2.790161874,47.3984579,,1,1,0,11,9.1,1,0,100
2025-10-04,키움,이원석,0,1,8,7,1,1,0,2,0,0,0,0,0,1,0,0,204979,1,1,7,0.142857143,0.25,0.142857143,0.392857143,0.107142857,0,0.25,0.125,0.5,0.2,0.142857143,0,0,0.148214286,0.111111111,0.428571429,0.634,0.285714286,2025,고척,0.966690514,0.208281471,-0.81448124,19.65325245,,0,0,0,2,50,0,0,0
2025-10-04,키움,이재상,0,0,2,2,1,0,0,1,0,0,0,0,0,0,0,0,3780712,1,1,1,0.5,0.5,0.5,1,0,0,0.5,0,0,1,0,0,0,0.35,0.5,13.5,0.402,1,2025,고척,0.966690514,0.465271106,0.205278217,187.6899612,,0,0,0,2,0,0,0,0
2025-10-04,키움,이주형,45,55,514,446,107,37,28,115,22,1,11,3,0,7,0,2,2951426,73,164,349,0.239910314,0.336594912,0.367713004,0.704307916,0.096684598,0.127802691,0.223735409,0.071984436,0.32173913,0.3,0.210762332,46.72727273,40.54545455,0.243395961,45.88601036,3.549920572,97.56,0.656160458,2025,고척,0.966690514,0.331297841,-2.027178441,100.0894378,,16,15,1,108,6.5,3,0,100
2025-10-04,키움,이주형(02),2,2,17,16,5,1,0,7,0,0,0,0,0,0,0,0,2991265,5,5,11,0.3125,0.352941176,0.3125,0.665441176,0.040441176,0,0.411764706,0.058823529,0.142857143,0.555555556,0.0625,0,0,0.236948529,1.666666667,4.090909091,2.514,0.545454545,2025,고척,0.966690514,0.316965919,-0.260877789,90.71828537,,0,0,0,,8.8,,,73.1
2025-10-04,키움,이형종,6,4,82,70,14,9,1,22,3,0,2,2,0,3,0,0,424743,9,23,61,0.2,0.3,0.328571429,0.628571429,0.1,0.128571429,0.268292683,0.109756098,0.409090909,0.260869565,0.257142857,41,35,0.217142857,4.75,2.102459016,12.814,0.540983607,2025,고척,0.966690514,0.298479768,-2.46430444,78.63082521,,1,1,0,12,25,2,0,100
2025-10-04,키움,임병욱,13,12,140,133,31,5,0,33,4,3,2,1,1,3,0,0,964710,22,47,107,0.233082707,0.258992806,0.353383459,0.612376264,0.025910099,0.120300752,0.235714286,0.035714286,0.151515152,0.292929293,0.157894737,70,66.5,0.204892627,10.04827586,2.535546246,23.856,0.485981308,2025,고척,0.966690514,0.277080333,-6.59076741,64.63846871,,1,1,0,29,10.3,1,0,100
2025-10-04,키움,임지열,50,51,417,369,90,42,2,111,14,2,11,1,3,11,0,0,1004270,63,141,294,0.243902439,0.322115385,0.382113821,0.704229206,0.078212946,0.138211382,0.26618705,0.100719424,0.378378378,0.316,0.25203252,37.90909091,33.54545455,0.240480378,36.39696312,3.342578246,75.782,0.629251701,2025,고척,0.966690514,0.326239374,-3.322745051,96.7818794,,19,13,6,90,12.2,1,0,100
2025-10-04,키움,장재영,2,1,16,14,2,2,0,7,0,0,0,0,0,0,0,0,2851269,2,2,12,0.142857143,0.25,0.142857143,0.392857143,0.107142857,0,0.4375,0.125,0.285714286,0.285714286,0.142857143,0,0,0.148214286,0.444444444,1,1.444,0.333333333,2025,고척,0.966690514,0.208281471,-1.62896248,19.65325245,,1,1,0,3,0,0,0,0
2025-10-04,키움,전태현,10,20,207,182,42,20,0,59,5,0,0,3,2,2,0,0,3977520,37,47,147,0.230769231,0.303921569,0.258241758,0.562163327,0.073152338,0.027472527,0.285024155,0.096618357,0.338983051,0.336,0.137362637,0,0,0.201325145,11.3876652,2.091611975,30.528,0.455782313,2025,고척,0.966690514,0.272953144,-10.42458496,61.93984143,,4,4,0,38,5.3,3,3,50
2025-10-04,키움,주성원,12,21,174,156,39,13,4,45,6,0,1,0,1,2,0,0,3625642,32,48,120,0.25,0.32183908,0.307692308,0.629531388,0.07183908,0.057692308,0.25862069,0.074712644,0.288888889,0.342342342,0.141025641,174,156,0.221750663,13.31937173,2.996858639,29.24,0.541666667,2025,고척,0.966690514,0.300873402,-4.897791423,80.19594062,,4,4,0,35,5.7,0,1,0
2025-10-04,키움,최주환,74,45,506,459,126,36,5,66,31,1,12,0,6,8,0,2,450682,82,195,347,0.274509804,0.330039526,0.424836601,0.754876127,0.055529722,0.150326797,0.130434783,0.071146245,0.545454545,0.294573643,0.22875817,42.16666667,38.25,0.254726937,54.54296161,4.24397684,112.222,0.680115274,2025,고척,0.966690514,0.342242973,2.410342423,107.2460845,,0,0,0,97,8.2,0,0,0
2025-10-04,키움,카디네스,42,33,361,320,81,32,6,67,15,1,7,0,3,7,0,2,3851245,58,119,249,0.253125,0.329639889,0.371875,0.701514889,0.076514889,0.11875,0.185595568,0.088642659,0.47761194,0.297188755,0.21875,51.57142857,45.71428571,0.2413067,32.50877193,3.525047559,71.094,0.630522088,2025,고척,0.966690514,0.324733615,-3.308971611,95.7973157,,3,1,2,70,10,0,0,0
2025-10-04,키움,푸이그,20,17,172,156,33,12,4,38,2,0,6,0,0,1,0,0,981162,25,53,124,0.211538462,0.284883721,0.33974359,0.624627311,0.073345259,0.128205128,0.220930233,0.069767442,0.315789474,0.241071429,0.205128205,28.66666667,26,0.213133572,13.53191489,2.94646534,31.576,0.556451613,2025,고척,0.966690514,0.292744691,-5.953790149,74.8808555,,0,0,0,28,3.6,0,0,0
2025-10-04,한화,권광민,0,2,18,18,3,0,0,5,1,0,0,0,0,1,0,0,1950175,2,4,16,0.166666667,0.166666667,0.222222222,0.388888889,0,0.055555556,0.277777778,0,0,0.230769231,0.055555556,0,0,0.130555556,0.444444444,0.75,1.76,0.25,2025,대전,1.019564452,0.176040117,-2.294278372,-6.715656946,,0,0,0,3,33.3,0,0,0
2025-10-04,한화,김인환,3,2,26,25,2,1,0,9,0,0,1,0,0,1,0,0,1989830,1,5,24,0.08,0.115384615,0.2,0.315384615,0.035384615,0.12,0.346153846,0.038461538,0.111111111,0.066666667,0.16,26,25,0.101923077,0.37037037,0.416666667,2.288,0.25,2025,대전,1.019564452,0.144703304,-3.962141358,-27.20572399,,0,0,0,3,33.3,0,0,0
2025-10-04,한화,김태연,20,40,340,303,79,23,8,62,15,0,3,6,0,10,0,0,1795455,61,103,240,0.260726073,0.329341317,0.339933993,0.669275311,0.068615245,0.079207921,0.182352941,0.067647059,0.370967742,0.319327731,0.155115512,113.3333333,101,0.233187091,26.09703504,2.935916442,61.204,0.558333333,2025,대전,1.019564452,0.316539329,-5.332943498,85.15195897,,8,5,3,63,15.9,6,1,85.7
2025-10-04,한화,노시환,101,97,624,539,140,70,11,125,28,2,32,0,4,22,0,10,2484601,78,268,425,0.25974026,0.354166667,0.497217069,0.851383735,0.094426407,0.237476809,0.200320513,0.112179487,0.56,0.279792746,0.367346939,19.5,16.84375,0.283679267,74.12765957,4.709286608,139.71,0.821176471,2025,대전,1.019564452,0.378085239,20.7654711,125.3947189,,19,14,5,122,18,0,1,0
2025-10-04,한화,리베라토,39,41,273,246,77,23,0,47,18,2,10,0,4,3,0,0,4034235,47,129,176,0.31300813,0.366300366,0.524390244,0.89069061,0.053292236,0.211382114,0.172161172,0.084249084,0.489361702,0.347150259,0.304878049,27.3,24.6,0.295932726,40.53040541,6.217732647,67.504,0.863636364,2025,대전,1.019564452,0.397247878,13.24675781,137.9245112,,1,1,0,54,5.6,0,0,0
2025-10-04,한화,문현빈,80,71,592,528,169,38,10,82,30,2,12,5,11,11,0,2,3611452,125,239,386,0.320075758,0.36967632,0.452651515,0.822327835,0.049600563,0.132575758,0.138513514,0.064189189,0.463414634,0.352808989,0.204545455,49.33333333,44,0.279517223,70.953125,4.963042422,136.694,0.743523316,2025,대전,1.019564452,0.37290641,17.2615109,122.00846,,23,17,6,124,8.9,5,6,45.5
2025-10-04,한화,박정현,0,0,2,2,0,0,0,1,0,0,0,0,0,0,0,0,2723241,0,0,2,0,0,0,0,0,0,0.5,0,0,0,0,0,0,0,0,0,-0.008,0,2025,대전,1.019564452,0,-0.535018837,-121.8222519,,0,0,0,1,0,0,0,0
2025-10-04,한화,손아섭,50,39,416,372,107,37,1,59,22,3,1,4,2,3,0,2,247288,81,138,274,0.287634409,0.351941748,0.370967742,0.72290949,0.064307339,0.083333333,0.141826923,0.088942308,0.627118644,0.337579618,0.182795699,416,372,0.251115722,41.33920705,4.073571497,86.188,0.642335766,2025,대전,1.019564452,0.335843955,-0.136133943,99.77502278,1,4,0,4,74,4.1,4,1,80
2025-10-04,한화,심우준,22,39,275,247,57,17,3,49,9,1,2,7,1,4,0,0,1501462,45,74,202,0.230769231,0.287313433,0.299595142,0.586908575,0.056544202,0.068825911,0.178181818,0.061818182,0.346938776,0.279187817,0.137651822,137.5,123.5,0.20418983,16.30508475,2.179392516,46.758,0.465346535,2025,대전,1.019564452,0.277204088,-12.91907546,59.43199404,,12,11,1,60,6.7,7,5,58.3
2025-10-04,한화,안치홍,18,9,196,174,30,16,1,39,4,0,2,4,1,4,0,2,247494,24,40,153,0.172413793,0.244791667,0.229885057,0.474676724,0.072377874,0.057471264,0.198979592,0.081632653,0.41025641,0.208955224,0.149425287,98,87,0.167627514,7.136150235,1.25932063,28.038,0.37254902,2025,대전,1.019564452,0.225382632,-17.28822886,25.54772128,,3,3,0,37,10.8,4,1,80
2025-10-04,한화,유로결,0,1,16,13,2,0,1,4,0,0,0,2,0,0,0,0,2490467,2,2,13,0.153846154,0.214285714,0.153846154,0.368131868,0.06043956,0,0.25,0,0,0.222222222,0,0,0,0.13489011,0.117647059,0.244343891,1.658,0.230769231,2025,대전,1.019564452,0.1877299,-1.890560797,0.927891365,,1,1,0,4,0,2,0,100
2025-10-04,한화,이도윤,36,37,277,250,65,11,3,52,11,3,1,10,3,5,0,1,1971980,50,85,203,0.26,0.29588015,0.34,0.63588015,0.03588015,0.08,0.187725632,0.039711191,0.211538462,0.32,0.124,277,250,0.218146067,17.81786942,2.369864405,48.684,0.487684729,2025,대전,1.019564452,0.291754617,-9.806552626,68.94608607,,1,1,0,56,8.9,10,0,100
2025-10-04,한화,이민재,0,0,4,4,0,0,0,1,0,0,0,0,0,1,0,0,4092300,0,0,5,0,0,0,0,0,0,0.25,0,0,0,0,0,0,0,0,0,-0.198,0,2025,대전,1.019564452,0,-1.070037675,-121.8222519,,0,0,0,2,50,0,0,0
2025-10-04,한화,이상혁,2,14,12,10,2,0,1,3,1,0,0,1,0,0,0,0,3695628,1,3,9,0.2,0.272727273,0.3,0.572727273,0.072727273,0.1,0.25,0,0,0.285714286,0.1,0,0,0.197727273,0.461538462,1.384615385,1.756,0.444444444,2025,대전,1.019564452,0.27321037,-0.601868118,56.82063889,,7,3,4,3,0,1,0,100
2025-10-04,한화,이승현,1,1,1,1,1,0,0,0,0,1,0,0,0,0,0,0,2851752,0,3,0,1,1,3,4,0,2,0,0,0,1,2,0,0,1.2,3,0,1.04,0,2025,대전,1.019564452,1.647023601,1.042787636,955.1099935,,0,0,0,,8.8,,,73.1
2025-10-04,한화,이원석,24,60,248,212,43,23,4,51,7,0,4,7,2,4,0,0,2507570,32,62,182,0.202830189,0.290456432,0.29245283,0.582909262,0.087626243,0.089622642,0.205645161,0.092741935,0.450980392,0.245283019,0.198113208,62,53,0.203818602,12.85090909,1.906453546,41.142,0.489010989,2025,대전,1.019564452,0.279273061,-11.24245395,60.78482438,,25,22,3,47,8.5,7,1,87.5
2025-10-04,한화,이재원,12,4,151,125,25,14,1,23,2,1,1,8,3,3,0,0,145396,21,32,114,0.2,0.27972028,0.256,0.53572028,0.07972028,0.056,0.152317881,0.092715232,0.608695652,0.230769231,0.168,151,125,0.189874126,5.012048193,1.187064046,24.516,0.412280702,2025,대전,1.019564452,0.258509004,-9.339563638,47.20791962,,2,1,1,34,8.8,8,0,100
2025-10-04,한화,이진영,43,49,366,321,88,38,2,93,13,0,11,0,5,8,0,0,1631325,64,134,246,0.274143302,0.349726776,0.417445483,0.767172259,0.075583474,0.143302181,0.254098361,0.103825137,0.408602151,0.346846847,0.261682243,33.27272727,29.18181818,0.26173842,37.95566502,4.165865673,73.176,0.707317073,2025,대전,1.019564452,0.352736608,4.798911768,108.8201184,,5,1,4,73,11,0,3,0
2025-10-04,한화,임종찬,2,2,35,30,5,5,0,13,1,0,1,0,0,0,0,0,2789119,3,9,25,0.166666667,0.285714286,0.3,0.585714286,0.119047619,0.133333333,0.371428571,0.142857143,0.384615385,0.25,0.3,35,30,0.203571429,2.25,2.43,5.166,0.56,2025,대전,1.019564452,0.282109893,-1.507646743,62.63973143,,2,2,0,5,0,0,0,0
2025-10-04,한화,장규현,0,1,2,1,1,1,0,0,0,0,0,0,0,0,0,0,3055552,1,1,0,1,1,1,2,0,0,0,0.5,0,1,1,0,0,0.7,0.666666667,0,0.84,0,2025,대전,1.019564452,0.833125884,0.790575272,422.9301902,,0,0,0,1,0,0,0,0
2025-10-04,한화,채은성,88,54,527,480,138,31,13,96,27,1,19,3,0,4,0,5,730963,91,224,349,0.2875,0.347328244,0.466666667,0.813994911,0.059828244,0.179166667,0.182163188,0.058823529,0.322916667,0.326027397,0.24375,27.73684211,25.26315789,0.272964377,68.65148862,5.311146684,119.222,0.767908309,2025,대전,1.019564452,0.367164593,12.95894554,118.2540831,,3,1,2,96,4.2,3,1,75
2025-10-04,한화,최인호,19,7,159,139,36,13,5,29,9,0,2,1,1,5,0,0,2723238,25,51,110,0.258992806,0.341772152,0.366906475,0.708678627,0.082779346,0.107913669,0.182389937,0.081761006,0.448275862,0.311926606,0.201438849,79.5,69.5,0.245524087,13.54237288,3.32403698,30.358,0.627272727,2025,대전,1.019564452,0.333064923,-0.403560587,95.95747827,,1,1,0,33,15.2,1,0,100
2025-10-04,한화,최재훈,35,28,348,269,77,46,17,48,15,0,1,10,6,4,0,0,450681,61,95,212,0.286245353,0.414201183,0.353159851,0.767361035,0.12795583,0.066914498,0.137931034,0.132183908,0.958333333,0.336283186,0.237918216,348,269,0.274680495,27.73722628,3.532571271,73.556,0.745283019,2025,대전,1.019564452,0.370880458,9.586078535,120.6837598,,2,1,1,75,5.3,10,4,71.4
2025-10-04,한화,플로리얼,29,36,285,258,70,24,1,65,18,2,8,0,2,2,0,2,3931205,42,116,192,0.271317829,0.333333333,0.449612403,0.782945736,0.062015504,0.178294574,0.228070175,0.084210526,0.369230769,0.331550802,0.271317829,35.625,32.25,0.262403101,34.0516129,4.788508065,60.58,0.734375,2025,대전,1.019564452,0.352068254,3.58531965,108.3831048,,16,13,3,53,3.8,0,0,0
2025-10-04,한화,하주석,28,34,305,276,82,12,5,66,14,0,4,11,1,10,0,0,675949,64,108,216,0.297101449,0.336734694,0.391304348,0.728039042,0.039633245,0.094202899,0.216393443,0.039344262,0.181818182,0.376811594,0.137681159,76.25,69,0.249356699,25.82608696,3.22826087,55.782,0.578703704,2025,대전,1.019564452,0.336428406,0.042003665,98.15674425,,3,2,1,72,13.9,11,8,57.9
2025-10-04,한화,허인서,2,2,30,29,5,0,1,12,1,0,0,0,0,1,0,0,3206992,4,6,25,0.172413793,0.2,0.206896552,0.406896552,0.027586207,0.034482759,0.4,0,0,0.294117647,0.034482759,0,0,0.141724138,0.967741935,1.04516129,2.594,0.28,2025,대전,1.019564452,0.193231357,-3.413500232,4.525105261,,0,0,0,3,33.3,0,0,0
2025-10-04,한화,황영묵,22,40,286,260,71,20,2,37,17,1,1,2,1,4,1,0,3836247,52,93,196,0.273076923,0.328621908,0.357692308,0.686314216,0.055544985,0.084615385,0.129370629,0.06993007,0.540540541,0.313901345,0.161538462,286,260,0.237302936,25.96753247,3.577160085,57.224,0.586734694,2025,대전,1.019564452,0.320175098,-3.658705061,87.52926401,,4,1,3,63,6.3,2,2,50
