연도,날짜,팀,선수명,page_id,역할,결과,G,투구점수,IP,타자수,피안타,피홈런,볼넷,삼진,실점,자책,lgIP,lgERA,fip_const,ERA,RA9,WHIP,K/9,BB/9,HR/9,K%,BB%,FIP,ERA+,ERA-,stint_id,CG,SHO,W,L,S,HD,2B,3B
2025,2025-10-04,KIA,곽도규,3615457,,,9,409.6,4,22,3,0,8,5,6,6,12773.66667,4.322564651,3.444038517,13.5,13.5,2.75,11.25,18,0,0.227272727,0.363636364,6.944038517,31.97871254,312.7080238,,0,0,0,0,0,3,0,0
2025,2025-10-04,KIA,김건국,916280,,,26,1150.4,46,216,59,11,22,31,38,35,12773.66667,4.322564651,3.444038517,6.847826087,7.434782609,1.760869565,6.065217391,4.304347826,2.152173913,0.143518519,0.101851852,6.639690691,63.04374757,158.6200121,,0,0,0,3,0,1,9,0
2025,2025-10-04,KIA,김기훈,2459864,중계,,24,1176.1,27.66666667,117,25,2,11,27,11,10,12773.66667,4.322564651,3.444038517,3.253012048,3.578313253,1.301204819,8.78313253,3.578313253,0.65060241,0.230769231,0.094017094,3.624761408,132.711657,75.35133103,,0,0,1,1,0,0,8,1
2025,2025-10-04,KIA,김대유,812734,,,15,688.5,8.333333333,42,12,1,4,3,9,9,12773.66667,4.322564651,3.444038517,9.72,9.72,1.92,3.24,4.32,1.08,0.071428571,0.095238095,5.724038517,44.41487852,225.1497771,,0,0,0,1,0,1,1,0
2025,2025-10-04,KIA,김도현,2508080,,,24,1107.6,125.3333333,561,149,11,43,71,79,67,12773.66667,4.322564651,3.444038517,4.811170213,5.67287234,1.531914894,5.098404255,3.087765957,0.789893617,0.126559715,0.076648841,4.481272559,89.73131279,111.443817,,0,0,4,7,0,0,28,4
2025,2025-10-04,KIA,김민재,4081070,,,1,53.4,2,8,2,0,0,1,0,0,12773.66667,4.322564651,3.444038517,0,0,1,4.5,0,0,0.125,0,2.444038517,0,0,,0,0,0,0,0,0,0,0
2025,2025-10-04,KIA,김민주,3891761,,,3,129.7,3,17,4,0,4,2,4,4,12773.66667,4.322564651,3.444038517,12,12,2.666666667,6,12,0,0.117647059,0.235294118,6.110705183,35.9760516,277.9626878,,0,0,0,0,0,0,1,1
2025,2025-10-04,KIA,김시훈,3158359,중계,,24,1082.1,25.66666667,118,33,7,10,18,25,23,12773.66667,4.322564651,3.444038517,8.064935065,8.766233766,1.675324675,6.311688312,3.506493506,2.454545455,0.152542373,0.084745763,6.755726828,53.42169605,187.983334,1,0,0,1,0,0,1,6,0
2025,2025-10-04,KIA,김정엽,4078882,,,2,89.3,1,5,0,0,2,0,2,2,12773.66667,4.322564651,3.444038517,18,18,2,0,18,0,0,0.4,9.444038517,23.9840344,416.9440317,,0,0,0,0,0,0,0,0
2025,2025-10-04,KIA,김태형,4072789,,,8,373.7,23.66666667,107,25,4,12,14,12,12,12773.66667,4.322564651,3.444038517,4.563380282,4.563380282,1.563380282,5.323943662,4.563380282,1.521126761,0.130841121,0.112149533,5.979249784,94.60369125,105.7041207,,0,0,0,3,0,0,4,0
2025,2025-10-04,KIA,김현수,2487761,,,18,861.7,18.33333333,86,17,2,14,11,5,5,12773.66667,4.322564651,3.444038517,2.454545455,2.454545455,1.690909091,5.4,6.872727273,0.981818182,0.127906977,0.162790698,5.953129426,175.8829189,56.85600432,,0,0,0,0,0,0,3,1
2025,2025-10-04,KIA,네일,3751352,,,27,1627.3,164.3333333,664,135,6,56,152,46,41,12773.66667,4.322564651,3.444038517,2.245436105,2.519269777,1.162271805,8.324543611,3.06693712,0.328600406,0.228915663,0.084337349,3.09109734,192.2622595,52.01228793,,0,0,8,4,0,0,18,1
2025,2025-10-04,KIA,성영탁,4036535,,,45,2255.5,52.33333333,198,38,2,13,30,11,9,12773.66667,4.322564651,3.444038517,1.547770701,1.891719745,0.974522293,5.159235669,2.23566879,0.343949045,0.151515152,0.065656566,3.539579918,278.9254371,35.85187534,,0,0,3,2,0,7,6,0
2025,2025-10-04,KIA,양현종,239450,선발,,30,1404.5,153,677,171,12,61,109,101,86,12773.66667,4.322564651,3.444038517,5.058823529,5.941176471,1.516339869,6.411764706,3.588235294,0.705882353,0.161004431,0.090103397,4.23488819,85.33854101,117.1803488,,0,0,7,9,0,0,23,4
2025,2025-10-04,KIA,올러,3933076,,,26,1487.9,149,620,125,8,55,169,64,60,12773.66667,4.322564651,3.444038517,3.624161074,3.865771812,1.208053691,10.20805369,3.322147651,0.483221477,0.272580645,0.088709677,2.980951268,119.1207042,83.94846276,,1,0,11,7,0,0,25,3
2025,2025-10-04,KIA,유승철,1940851,,,1,46.4,2,11,3,0,2,3,1,1,12773.66667,4.322564651,3.444038517,4.5,4.5,2.5,13.5,9,0,0.272727273,0.181818182,3.444038517,95.93613761,104.2360079,,0,0,0,0,0,0,0,0
2025,2025-10-04,KIA,유지성,3891778,,,1,51.9,1,3,0,0,0,0,0,0,12773.66667,4.322564651,3.444038517,0,0,0,0,0,0,0,0,3.444038517,0,0,,0,0,0,0,0,0,0,0
2025,2025-10-04,KIA,윤영철,3611899,,,13,591.2,50,227,52,4,31,43,37,31,12773.66667,4.322564651,3.444038517,5.58,6.66,1.66,7.74,5.58,0.72,0.189427313,0.136563877,4.624038517,77.36785291,129.2526498,,0,0,2,7,0,0,7,0
2025,2025-10-04,KIA,윤중현,2975651,,,13,612.7,10.33333333,48,10,2,7,7,5,5,12773.66667,4.322564651,3.444038517,4.35483871,4.35483871,1.64516129,6.096774194,6.096774194,1.741935484,0.145833333,0.145833333,6.637586904,99.13400886,100.8735561,,0,0,1,0,0,0,4,0
2025,2025-10-04,KIA,이도현,4083516,,,6,262.9,13,65,17,1,9,9,11,10,12773.66667,4.322564651,3.444038517,6.923076923,7.615384615,2,6.230769231,6.230769231,0.692307692,0.138461538,0.138461538,5.136346209,62.35848945,160.3630891,,0,0,1,1,0,0,5,0
2025,2025-10-04,KIA,이성원,4081027,,,4,163.6,2.666666667,19,3,0,7,3,7,5,12773.66667,4.322564651,3.444038517,16.875,23.625,3.75,10.125,23.625,0,0.157894737,0.368421053,9.069038517,25.58297003,390.8850297,,0,0,0,0,0,0,1,0
2025,2025-10-04,KIA,이의리,2851449,,,10,409.5,39.66666667,193,41,6,34,42,37,35,12773.66667,4.322564651,3.444038517,7.941176471,8.394957983,1.890756303,9.529411765,7.714285714,1.361344538,0.21761658,0.176165803,5.864206584,54.36381131,183.9458963,,0,0,1,4,0,0,9,3
2025,2025-10-04,KIA,이준영,307169,중계,,57,2714.8,34,145,36,6,12,34,18,18,12773.66667,4.322564651,3.444038517,4.764705882,4.764705882,1.411764706,9,3.176470588,1.588235294,0.234482759,0.082758621,4.796979693,90.60635219,110.3675378,,0,0,3,1,0,7,10,0
2025,2025-10-04,KIA,이형범,678889,,,12,519.8,10,56,21,0,5,6,16,13,12773.66667,4.322564651,3.444038517,11.7,14.4,2.6,5.4,4.5,0,0.107142857,0.089285714,3.744038517,36.89851446,271.0136206,,0,0,0,0,0,0,6,1
2025,2025-10-04,KIA,이호민,4036527,,,13,583.2,14.66666667,72,21,0,11,7,14,14,12773.66667,4.322564651,3.444038517,8.590909091,8.590909091,2.181818182,4.295454545,6.75,0,0.097222222,0.152777778,4.739493062,50.25226256,198.9960151,,0,0,1,0,0,0,5,0
2025,2025-10-04,KIA,임기영,811244,,,10,418.5,9,52,23,2,4,5,13,13,12773.66667,4.322564651,3.444038517,13,13,3,5,4,2,0.096153846,0.076923077,6.555149628,33.20866302,301.1262451,,0,0,1,1,0,0,4,0
2025,2025-10-04,KIA,장재혁,3232604,,,3,135.7,3,13,3,1,3,2,2,2,12773.66667,4.322564651,3.444038517,6,6,2,6,9,3,0.153846154,0.230769231,9.444038517,71.95210321,138.9813439,,0,0,0,0,0,0,0,0
2025,2025-10-04,KIA,전상현,1631324,중계,,74,3594.6,70,290,64,4,22,50,30,26,12773.66667,4.322564651,3.444038517,3.342857143,3.857142857,1.228571429,6.428571429,2.828571429,0.514285714,0.172413793,0.075862069,3.701181374,129.1448006,77.43246303,,0,0,7,5,1,25,15,0
2025,2025-10-04,KIA,정해영,2765633,중계,승,60,2895.5,61.66666667,275,75,4,21,72,30,26,12773.66667,4.322564651,3.444038517,3.794594595,4.378378378,1.556756757,10.50810811,3.064864865,0.583783784,0.261818182,0.076363636,2.973768246,113.7704196,87.89630939,,0,0,3,7,27,0,13,0
2025,2025-10-04,KIA,조상우,834583,,,72,3436.8,60,271,64,5,33,55,29,26,12773.66667,4.322564651,3.444038517,3.9,4.35,1.616666667,8.25,4.95,0.75,0.20295203,0.121771218,4.344038517,110.6955434,90.33787354,,0,0,6,6,1,28,15,0
2025,2025-10-04,KIA,최지민,3196605,,,66,3065.4,53.33333333,253,46,5,55,39,40,39,12773.66667,4.322564651,3.444038517,6.58125,6.75,1.89375,6.58125,9.28125,0.84375,0.154150198,0.217391304,6.294038517,65.59735905,152.4451616,,0,0,2,4,0,9,7,1
2025,2025-10-04,KIA,한재승,3213928,,,36,1640.4,33.33333333,161,40,5,32,35,29,24,12773.66667,4.322564651,3.444038517,6.48,7.83,2.16,9.45,8.64,1.35,0.217391304,0.198757764,6.174038517,95.66933167,150.5076049,1,0,0,1,1,1,1,4,0
2025,2025-10-04,KIA,홍원빈,4087684,,,2,76.3,1.666666667,11,2,0,4,1,5,5,12773.66667,4.322564651,3.444038517,27,27,3.6,5.4,21.6,0,0.090909091,0.363636364,9.444038517,15.98935627,625.4160476,,0,0,0,0,0,0,0,0
2025,2025-10-04,KIA,황동하,3639918,중계,,18,863.7,35.66666667,155,38,4,13,31,21,21,12773.66667,4.322564651,3.444038517,5.299065421,5.299065421,1.429906542,7.822429907,3.280373832,1.009345794,0.2,0.083870968,4.257122629,81.46957717,122.7452056,,0,0,1,2,0,0,14,1
2025,2025-10-04,KT,강건,3696844,,,2,48.3,3.666666667,26,7,1,8,1,10,10,12773.66667,4.322564651,3.444038517,24.54545455,24.54545455,4.090909091,2.454545455,19.63636364,2.454545455,0.038461538,0.307692308,12.98949306,18.13207634,551.5088184,,0,0,0,1,0,0,2,0
2025,2025-10-04,KT,강백호,1882039,,,1,34.9,1,7,3,1,1,1,2,2,12773.66667,4.322564651,3.444038517,18,18,4,9,9,9,0.142857143,0.142857143,17.44403852,24.72555865,404.4398002,,0,0,0,0,0,0,1,0
2025,2025-10-04,KT,고영표,1078061,,,29,1573.1,161,685,170,10,45,154,70,59,12773.66667,4.322564651,3.444038517,3.298136646,3.913043478,1.335403727,8.608695652,2.51552795,0.559006211,0.224817518,0.065693431,3.176957771,134.9428794,74.10542923,,1,1,11,8,0,0,31,2
2025,2025-10-04,KT,김동현,4079178,,,3,118.2,3.333333333,19,7,2,3,4,5,5,12773.66667,4.322564651,3.444038517,13.5,13.5,3,10.8,8.1,5.4,0.210526316,0.157894737,11.54403852,32.96741153,303.3298501,,0,0,0,0,0,0,0,0
2025,2025-10-04,KT,김민수,1501530,,,58,2751.2,52.66666667,230,63,5,16,36,31,29,12773.66667,4.322564651,3.444038517,4.955696203,5.297468354,1.5,6.151898734,2.734177215,0.85443038,0.156521739,0.069565217,4.222519529,89.80777625,111.3489323,,0,0,4,3,0,11,11,2
2025,2025-10-04,KT,김재원,4011472,,,4,174.1,4.333333333,24,3,0,9,4,5,5,12773.66667,4.322564651,3.444038517,10.38461538,10.38461538,2.769230769,8.307692308,18.69230769,0,0.166666667,0.375,7.828653901,42.85763499,233.330654,,0,0,0,0,0,0,1,0
2025,2025-10-04,KT,문용익,3026295,,,20,983,28.66666667,121,21,3,19,31,11,10,12773.66667,4.322564651,3.444038517,3.139534884,3.453488372,1.395348837,9.73255814,5.965116279,0.941860465,0.256198347,0.157024793,4.630085028,141.7598696,70.54182561,,0,0,1,0,0,0,7,0
2025,2025-10-04,KT,박건우,4079888,,,6,297.4,6.666666667,28,4,1,4,9,2,2,12773.66667,4.322564651,3.444038517,2.7,2.7,1.2,12.15,5.4,1.35,0.321428571,0.142857143,4.494038517,164.8370577,60.66597003,,0,0,0,0,0,0,0,0
2025,2025-10-04,KT,박영현,3198300,,,67,3226.3,69,305,68,9,36,77,31,26,12773.66667,4.322564651,3.444038517,3.391304348,4.043478261,1.507246377,10.04347826,4.695652174,1.173913043,0.252459016,0.118032787,4.473024024,131.2356575,76.19880293,,0,0,5,6,35,1,10,1
2025,2025-10-04,KT,배제성,1756990,,,8,366.7,27,127,38,2,11,23,17,17,12773.66667,4.322564651,3.444038517,5.666666667,5.666666667,1.814814815,7.666666667,3.666666667,0.666666667,0.181102362,0.086614173,3.925519998,78.54000983,127.3236408,,0,0,2,3,0,0,5,1
2025,2025-10-04,KT,소형준,2699592,,,26,1440.4,147.3333333,617,155,6,32,123,60,54,12773.66667,4.322564651,3.444038517,3.298642534,3.665158371,1.269230769,7.513574661,1.954751131,0.366515837,0.199351702,0.051863857,2.955350734,134.9221842,74.11679596,,0,0,10,7,1,0,24,3
2025,2025-10-04,KT,손동현,2484614,,,58,2792.2,58.66666667,257,66,6,15,55,30,25,12773.66667,4.322564651,3.444038517,3.835227273,4.602272727,1.380681818,8.4375,2.301136364,0.920454545,0.214007782,0.058365759,3.665629426,116.0452886,86.17325288,,0,0,5,0,1,13,16,1
2025,2025-10-04,KT,오원석,2828629,,,25,1301.5,132.3333333,565,130,10,56,113,60,54,12773.66667,4.322564651,3.444038517,3.672544081,4.080604534,1.405541562,7.685138539,3.808564232,0.680100756,0.2,0.099115044,3.988119121,121.1857628,82.51794412,,0,0,11,8,0,0,25,1
2025,2025-10-04,KT,우규민,236907,,,53,2587.7,44.33333333,185,45,2,7,24,12,12,12773.66667,4.322564651,3.444038517,2.436090226,2.436090226,1.172932331,4.872180451,1.421052632,0.406015038,0.12972973,0.037837838,3.421482126,182.6944056,54.73621356,,0,0,1,2,0,9,6,0
2025,2025-10-04,KT,원상현,3783726,,,52,2445.3,57,259,56,8,36,45,35,33,12773.66667,4.322564651,3.444038517,5.210526316,5.526315789,1.614035088,7.105263158,5.684210526,1.263157895,0.173745174,0.138996139,5.584389394,85.41556625,117.074679,,0,0,0,3,0,14,10,0
2025,2025-10-04,KT,이상동,2500259,,,41,2036.4,43.33333333,168,31,4,11,34,12,12,12773.66667,4.322564651,3.444038517,2.492307692,2.492307692,0.969230769,7.061538462,2.284615385,0.830769231,0.202380952,0.06547619,3.836346209,178.5734791,55.99935695,,0,0,3,0,0,5,6,0
2025,2025-10-04,KT,이정현,2514543,,,6,254.9,4.333333333,27,9,0,5,3,8,8,12773.66667,4.322564651,3.444038517,16.61538462,16.61538462,3.230769231,6.230769231,10.38461538,0,0.111111111,0.185185185,5.520961594,26.78602187,373.3290463,,0,0,0,0,0,0,3,0
2025,2025-10-04,KT,이채호,2963182,,,10,468.5,11.66666667,53,12,1,7,8,8,8,12773.66667,4.322564651,3.444038517,6.171428571,6.171428571,1.628571429,6.171428571,5.4,0.771428571,0.150943396,0.132075472,4.98689566,72.11621273,138.6650744,,0,0,0,0,0,0,3,2
2025,2025-10-04,KT,임준형,3041732,,,10,460,8.666666667,42,11,0,8,6,7,5,12773.66667,4.322564651,3.444038517,5.192307692,7.269230769,2.192307692,6.230769231,8.307692308,0,0.142857143,0.19047619,4.828653901,134.7420406,119.2386991,1,0,0,0,0,0,0,1,0
2025,2025-10-04,KT,전용주,2488113,,,21,993.9,13.66666667,66,18,0,7,11,8,6,12773.66667,4.322564651,3.444038517,3.951219512,5.268292683,1.829268293,7.243902439,4.609756098,0,0.166666667,0.106060606,3.370867785,112.6386561,88.77946833,,0,0,0,1,0,4,4,0
2025,2025-10-04,KT,조이현,1108218,,,3,132.7,11.66666667,50,17,2,1,3,7,7,12773.66667,4.322564651,3.444038517,5.4,5.4,1.542857143,2.314285714,0.771428571,1.542857143,0.06,0.02,5.415467088,82.41852883,121.3319401,,0,0,1,2,0,0,2,1
2025,2025-10-04,KT,주권,1106095,,,34,1610.6,40.66666667,176,48,3,13,19,23,20,12773.66667,4.322564651,3.444038517,4.426229508,5.090163934,1.5,4.204918033,2.87704918,0.663934426,0.107954545,0.073863636,4.427645074,100.5506052,99.45240988,,0,0,0,1,0,0,2,0
2025,2025-10-04,KT,최동환,321155,,,20,888,18.66666667,91,27,4,13,9,19,18,12773.66667,4.322564651,3.444038517,8.678571429,9.160714286,2.142857143,4.339285714,6.267857143,1.928571429,0.098901099,0.142857143,7.354752802,51.28264016,194.9977608,,0,0,1,1,0,0,5,1
2025,2025-10-04,KT,최용준,2989624,,,7,341.3,9,39,13,0,2,5,2,2,12773.66667,4.322564651,3.444038517,2,2,1.666666667,5,2,0,0.128205128,0.051282051,2.999594072,222.5300279,44.93775558,,0,0,1,0,0,0,1,0
2025,2025-10-04,KT,쿠에바스,2302916,,,18,786.7,98.33333333,445,104,13,51,60,69,59,12773.66667,4.322564651,3.444038517,5.4,6.315254237,1.576271186,5.491525424,4.66779661,1.189830508,0.134831461,0.114606742,5.498275805,82.41852883,121.3319401,,0,0,3,10,0,0,14,2
2025,2025-10-04,KT,패트릭,4052773,,,15,771,60.66666667,267,63,2,23,45,26,21,12773.66667,4.322564651,3.444038517,3.115384615,3.857142857,1.417582418,6.675824176,3.412087912,0.296703297,0.168539326,0.086142322,3.526456099,142.8587833,69.99919619,,0,0,3,3,0,2,10,2
2025,2025-10-04,KT,한차현,2962083,,,2,82.3,1.666666667,11,4,0,2,1,3,3,12773.66667,4.322564651,3.444038517,16.2,16.2,3.6,5.4,10.8,0,0.090909091,0.181818182,5.844038517,27.47284294,363.9958202,,0,0,0,0,0,0,0,0
2025,2025-10-04,KT,헤이수스,3730453,,,32,1645.3,163.6666667,712,173,17,52,165,85,72,12773.66667,4.322564651,3.444038517,3.959266802,4.67413442,1.374745418,9.073319756,2.859470468,0.934826884,0.231741573,0.073033708,3.73120756,112.4097157,88.96028192,,0,0,9,9,0,1,22,2
2025,2025-10-04,LG,김강률,450677,,,12,595.3,12.33333333,51,7,0,9,9,2,2,12773.66667,4.322564651,3.444038517,1.459459459,1.459459459,1.297297297,6.567567568,6.567567568,0,0.176470588,0.176470588,4.173768246,282.4105809,35.40943816,,0,0,1,0,1,4,1,0
2025,2025-10-04,LG,김영우,3977599,,,66,3231.4,60,255,49,2,33,56,17,16,12773.66667,4.322564651,3.444038517,2.4,2.55,1.366666667,8.4,4.95,0.3,0.219607843,0.129411765,3.660705183,171.7361641,58.22885386,,0,0,3,2,1,7,13,0
2025,2025-10-04,LG,김유영,964778,,,6,264.9,4.333333333,26,8,0,5,5,6,6,12773.66667,4.322564651,3.444038517,12.46153846,12.46153846,3,10.38461538,10.38461538,0,0.192307692,0.192307692,4.597884671,33.07511308,302.3421258,,0,0,0,0,0,0,3,0
2025,2025-10-04,LG,김종운,3997201,,,2,83.3,1.666666667,7,2,2,0,2,3,1,12773.66667,4.322564651,3.444038517,5.4,16.2,1.2,10.8,0,10.8,0.285714286,0,16.64403852,76.32718403,131.0149212,,0,0,0,0,0,0,0,0
2025,2025-10-04,LG,김주온,2699447,,,1,38.9,0.333333333,5,0,0,4,1,1,1,12773.66667,4.322564651,3.444038517,27,27,12,27,108,0,0.2,0.8,33.44403852,15.26543681,655.0746059,,0,0,0,1,0,0,0,0
2025,2025-10-04,LG,김진성,687603,,,78,3796.2,70.66666667,291,61,7,24,63,28,27,12773.66667,4.322564651,3.444038517,3.438679245,3.566037736,1.202830189,8.023584906,3.056603774,0.891509434,0.216494845,0.082474227,3.967623422,119.8619483,83.42931302,,0,0,6,4,1,33,7,3
2025,2025-10-04,LG,김진수,2964466,,,4,171.1,5,27,11,2,1,6,5,5,12773.66667,4.322564651,3.444038517,9,9,2.4,10.8,1.8,3.6,0.222222222,0.037037037,6.844038517,45.79631042,218.358202,,0,0,0,0,0,0,3,0
2025,2025-10-04,LG,박명근,3611479,,,44,2092.6,38.66666667,168,36,5,21,30,21,21,12773.66667,4.322564651,3.444038517,4.887931034,4.887931034,1.474137931,6.982758621,4.887931034,1.163793103,0.178571429,0.125,5.202659206,84.32336522,118.5910924,,0,0,3,4,4,10,5,1
2025,2025-10-04,LG,박시원,4073237,,,2,84.8,1.333333333,9,0,0,5,0,2,2,12773.66667,4.322564651,3.444038517,13.5,13.5,3.75,0,33.75,0,0,0.555555556,14.69403852,30.53087361,327.537303,,0,0,0,0,0,0,0,0
2025,2025-10-04,LG,배재준,873442,,,14,674.1,13,56,9,1,8,14,8,8,12773.66667,4.322564651,3.444038517,5.538461538,5.538461538,1.307692308,9.692307692,5.538461538,0.692307692,0.25,0.142857143,4.136346209,74.41900443,134.3742781,,0,0,0,0,0,1,4,0
2025,2025-10-04,LG,백승현,1835342,,,33,1565.2,30,146,28,2,29,27,13,13,12773.66667,4.322564651,3.444038517,3.9,3.9,1.9,8.1,8.7,0.6,0.184931507,0.198630137,5.410705183,105.6837933,94.62188752,,0,0,1,0,0,2,3,1
2025,2025-10-04,LG,성동현,2259680,,,12,542.3,9,45,10,2,9,6,9,9,12773.66667,4.322564651,3.444038517,9,9,2.111111111,6,9,2,0.133333333,0.2,7.999594072,45.79631042,218.358202,,0,0,0,0,0,0,0,0
2025,2025-10-04,LG,손주영,1744590,,,30,1597.5,153,644,153,8,53,132,67,58,12773.66667,4.322564651,3.444038517,3.411764706,3.941176471,1.346405229,7.764705882,3.117647059,0.470588235,0.204968944,0.082298137,3.437502569,120.8075085,82.77631186,,0,0,11,6,0,0,20,2
2025,2025-10-04,LG,송승기,3207349,,,28,1459.2,144,629,149,15,50,125,61,56,12773.66667,4.322564651,3.444038517,3.5,3.8125,1.381944444,7.8125,3.125,0.9375,0.19872814,0.079491256,4.103760739,117.7619411,84.91707854,,0,0,11,6,0,0,25,1
2025,2025-10-04,LG,에르난데스,3858091,,,14,745.6,66,276,53,7,29,73,32,31,12773.66667,4.322564651,3.444038517,4.227272727,4.363636364,1.242424242,9.954545455,3.954545455,0.954545455,0.264492754,0.105072464,3.928887002,97.50182218,102.5621858,,0,0,4,4,0,0,14,0
2025,2025-10-04,LG,우강훈,3697147,,,11,514.9,9.666666667,46,12,0,8,5,5,5,12773.66667,4.322564651,3.444038517,4.655172414,4.655172414,2.068965517,4.655172414,7.448275862,0,0.108695652,0.173913043,4.892314379,88.53953348,112.9438976,,0,0,0,0,0,0,2,0
2025,2025-10-04,LG,유영찬,3611491,,,39,1921.1,41,177,31,2,26,52,14,12,12773.66667,4.322564651,3.444038517,2.634146341,3.073170732,1.390243902,11.41463415,5.707317073,0.43902439,0.293785311,0.146892655,3.444038517,156.4707273,63.90971765,,0,0,2,2,21,1,7,0
2025,2025-10-04,LG,이우찬,1919174,,,23,1121.7,19,86,13,0,15,20,6,4,12773.66667,4.322564651,3.444038517,1.894736842,2.842105263,1.473684211,9.473684211,7.105263158,0,0.23255814,0.174418605,3.707196411,217.5324745,45.97014778,,0,0,0,1,0,0,2,0
2025,2025-10-04,LG,이정용,2795411,,,39,1866.6,34,139,32,3,14,26,19,19,12773.66667,4.322564651,3.444038517,5.029411765,5.029411765,1.352941176,6.882352941,3.705882353,0.794117647,0.18705036,0.100719424,4.296979693,81.95129233,122.0237011,,0,0,6,1,1,7,3,1
2025,2025-10-04,LG,이종준,3791676,,,2,102.3,1.666666667,6,0,0,1,2,0,0,12773.66667,4.322564651,3.444038517,0,0,0.6,10.8,5.4,0,0.333333333,0.166666667,2.844038517,0,0,,0,0,0,0,0,0,0,0
2025,2025-10-04,LG,이지강,3216050,,,43,2037.2,47.33333333,211,50,4,25,39,29,28,12773.66667,4.322564651,3.444038517,5.323943662,5.514084507,1.584507042,7.415492958,4.753521127,0.76056338,0.184834123,0.118483412,4.479249784,77.41757238,129.1696406,,0,0,1,2,3,4,9,2
2025,2025-10-04,LG,임찬규,555207,,,27,1471.3,160.3333333,670,163,9,46,107,61,54,12773.66667,4.322564651,3.444038517,3.031185031,3.424116424,1.303534304,6.006237006,2.582120582,0.505197505,0.159701493,0.068656716,3.699755772,135.9754649,73.54267925,,1,1,11,7,0,0,38,3
2025,2025-10-04,LG,장현식,925563,,,56,2636.9,49.66666667,234,65,4,26,38,27,24,12773.66667,4.322564651,3.444038517,4.348993289,4.89261745,1.832214765,6.88590604,4.711409396,0.724832215,0.162393162,0.111111111,4.531286839,94.77292017,105.5153728,,0,0,3,3,10,5,16,1
2025,2025-10-04,LG,정우영,2484633,,,4,170.6,2.666666667,13,1,1,5,3,6,6,12773.66667,4.322564651,3.444038517,20.25,20.25,2.25,10.125,16.875,3.375,0.230769231,0.384615385,11.69403852,20.35391574,491.3059544,,0,0,0,0,0,0,0,0
2025,2025-10-04,LG,최채흥,9000030,,,13,604.7,29,132,35,3,15,21,17,17,12773.66667,4.322564651,3.444038517,5.275862069,5.275862069,1.724137931,6.517241379,4.655172414,0.931034483,0.159090909,0.113636364,4.892314379,78.12311777,128.0030839,,0,0,0,1,0,2,6,2
2025,2025-10-04,LG,치리노스,3925530,,,30,1686.5,177,737,173,5,45,137,71,65,12773.66667,4.322564651,3.444038517,3.305084746,3.610169492,1.231638418,6.966101695,2.288135593,0.254237288,0.185888738,0.061058345,3.025959421,124.7068761,80.18804027,,0,0,13,6,0,0,26,1
2025,2025-10-04,LG,코엔 윈,3984197,,,5,201.5,23,107,28,4,9,8,19,18,12773.66667,4.322564651,3.444038517,7.043478261,7.434782609,1.608695652,3.130434783,3.52173913,1.565217391,0.074766355,0.08411215,6.183168952,58.51750776,170.8890276,,0,0,1,1,0,0,7,0
2025,2025-10-04,LG,톨허스트,4066309,,,8,455.2,44,184,39,2,18,45,15,14,12773.66667,4.322564651,3.444038517,2.863636364,3.068181818,1.295454545,9.204545455,3.681818182,0.409090909,0.244565217,0.097826087,3.216765789,143.9312613,69.47760972,,0,0,6,2,0,0,7,1
2025,2025-10-04,LG,함덕주,972917,,,31,1491.9,27,113,14,1,18,26,19,18,12773.66667,4.322564651,3.444038517,6,6.333333333,1.185185185,8.666666667,6,0.333333333,0.230088496,0.159292035,3.999594072,68.69446563,145.5721346,,0,0,2,3,0,1,5,0
2025,2025-10-04,NC,구창모,1222245,,,4,222.1,14.33333333,59,14,1,3,18,4,4,12773.66667,4.322564651,3.444038517,2.511627907,2.511627907,1.186046512,11.30232558,1.88372093,0.627906977,0.305084746,0.050847458,2.467294331,173.8455176,57.52233442,,0,0,1,0,0,0,3,0
2025,2025-10-04,NC,김녹원,4069922,,,21,898.4,70,327,75,10,50,37,53,51,12773.66667,4.322564651,3.444038517,6.557142857,6.814285714,1.785714286,4.757142857,6.428571429,1.285714286,0.113149847,0.152905199,6.38689566,66.58925434,150.1743802,,0,0,3,4,0,1,13,1
2025,2025-10-04,NC,김민규,4070517,,,7,324.8,4.666666667,23,5,0,4,2,4,4,12773.66667,4.322564651,3.444038517,7.714285714,7.714285714,1.928571429,3.857142857,7.714285714,0,0.086956522,0.173913043,5.158324231,56.60086619,176.6757414,,0,0,0,0,0,1,2,0
2025,2025-10-04,NC,김영규,2485776,,,45,2181,44,189,40,3,21,35,17,14,12773.66667,4.322564651,3.444038517,2.863636364,3.477272727,1.386363636,7.159090909,4.295454545,0.613636364,0.185185185,0.111111111,4.171311244,152.4758028,65.58417675,,0,0,4,3,0,21,4,0
2025,2025-10-04,NC,김재열,515902,,,22,990.3,21.66666667,111,32,5,17,16,16,15,12773.66667,4.322564651,3.444038517,6.230769231,6.646153846,2.261538462,6.646153846,7.061538462,2.076923077,0.144144144,0.153153153,7.320961594,70.0772629,142.6996373,,0,0,0,0,0,2,6,1
2025,2025-10-04,NC,김진호,1798822,,,76,3673.9,72.33333333,316,53,5,54,70,30,27,12773.66667,4.322564651,3.444038517,3.359447005,3.732718894,1.479262673,8.709677419,6.718894009,0.622119816,0.221518987,0.170886076,4.646803494,129.9723594,76.93943579,,0,0,4,3,6,20,12,1
2025,2025-10-04,NC,김태경,2831576,,,6,209.9,11,62,18,4,11,10,20,13,12773.66667,4.322564651,3.444038517,10.63636364,16.36363636,2.636363636,8.181818182,9,3.272727273,0.161290323,0.177419355,9.353129426,41.05117767,243.5983708,,0,0,0,0,0,1,3,0
2025,2025-10-04,NC,김태현,2867563,,,5,212.5,3,17,5,2,5,2,4,4,12773.66667,4.322564651,3.444038517,12,12,3.333333333,6,15,6,0.117647059,0.294117647,15.77737185,36.38627112,274.8289311,,0,0,0,0,0,1,1,0
2025,2025-10-04,NC,김태훈,4000956,,,18,818.7,19,94,17,4,17,9,15,11,12773.66667,4.322564651,3.444038517,5.210526316,7.105263158,1.789473684,4.263157895,8.052631579,1.894736842,0.095744681,0.180851064,7.917722727,83.798685,119.3336148,,0,0,0,0,0,0,2,0
2025,2025-10-04,NC,데이비슨,3747555,,,1,48.9,0.333333333,1,0,0,0,0,0,0,12773.66667,4.322564651,3.444038517,0,0,0,0,0,0,0,0,3.444038517,0,0,,0,0,0,0,0,0,0,0
2025,2025-10-04,NC,도태훈,1499730,,,1,39.9,1,6,3,1,0,1,1,1,12773.66667,4.322564651,3.444038517,9,9,3,9,0,9,0.166666667,0,14.44403852,48.51502816,206.1216984,,0,0,0,0,0,0,0,0
2025,2025-10-04,NC,라일리,3928000,선발,승,30,1722,172,709,136,18,59,216,76,66,12773.66667,4.322564651,3.444038517,3.453488372,3.976744186,1.13372093,11.30232558,3.087209302,0.941860465,0.304654443,0.083215797,3.321945493,126.4331037,79.09320983,,0,0,17,7,0,0,25,2
2025,2025-10-04,NC,로건,3933786,,,32,1564.3,173,770,180,18,77,149,98,87,12773.66667,4.322564651,3.444038517,4.526011561,5.098265896,1.485549133,7.751445087,4.005780347,0.936416185,0.193506494,0.1,4.409356436,96.47241232,103.6565766,,0,0,7,12,0,0,30,2
2025,2025-10-04,NC,류진욱,1222322,,,62,3019.8,66,275,50,6,34,57,27,24,12773.66667,4.322564651,3.444038517,3.272727273,3.681818182,1.272727273,7.772727273,4.636363636,0.818181818,0.207272727,0.123636364,4.444038517,133.4163274,74.95334486,,0,0,4,3,29,0,7,1
2025,2025-10-04,NC,목지훈,3892643,,,16,684.4,58,280,68,6,47,45,42,39,12773.66667,4.322564651,3.444038517,6.051724138,6.517241379,1.982758621,6.982758621,7.293103448,0.931034483,0.160714286,0.167857143,5.668176448,72.1505547,138.599073,,0,0,3,5,0,0,8,3
2025,2025-10-04,NC,배재환,1034055,중계,,70,3328.5,60.33333333,271,48,3,48,51,36,30,12773.66667,4.322564651,3.444038517,4.475138122,5.370165746,1.591160221,7.607734807,7.160220994,0.447513812,0.188191882,0.177121771,4.786579953,97.56911219,102.4914522,,0,0,2,4,2,24,6,1
2025,2025-10-04,NC,소이현,2573801,,,7,329.8,8,36,5,0,8,3,5,5,12773.66667,4.322564651,3.444038517,5.625,5.625,1.625,3.375,9,0,0.083333333,0.222222222,5.694038517,77.62404506,128.8260615,,0,0,0,0,0,0,1,0
2025,2025-10-04,NC,손주환,4070455,중계,,52,2481.3,51.66666667,224,53,5,20,37,29,25,12773.66667,4.322564651,3.444038517,4.35483871,5.051612903,1.412903226,6.44516129,3.483870968,0.870967742,0.165178571,0.089285714,4.431135291,100.2643915,99.73630566,,0,0,6,1,0,7,5,0
2025,2025-10-04,NC,신민혁,2797886,,,28,1325.2,132,568,148,23,32,84,76,70,12773.66667,4.322564651,3.444038517,4.772727273,5.181818182,1.363636364,5.727272727,2.181818182,1.568181818,0.147887324,0.056338028,5.163735486,91.48548167,109.3069612,,1,0,6,3,0,0,18,2
2025,2025-10-04,NC,신영우,3892639,,,8,361.7,14.33333333,68,8,2,19,19,13,12,12773.66667,4.322564651,3.444038517,7.534883721,8.162790698,1.88372093,11.93023256,11.93023256,1.255813953,0.279411765,0.279411765,6.5835734,57.94850586,172.5670033,,0,0,1,3,0,0,2,0
2025,2025-10-04,NC,이용찬,314554,,,12,515.8,15.33333333,83,23,1,16,14,18,18,12773.66667,4.322564651,3.444038517,10.56521739,10.56521739,2.543478261,8.217391304,9.391304348,0.586956522,0.168674699,0.192771084,5.59621243,41.32761658,241.9689502,,0,0,1,2,0,1,4,0
2025,2025-10-04,NC,이준혁,3988974,,,25,1112.5,37,170,43,8,26,30,33,30,12773.66667,4.322564651,3.444038517,7.297297297,8.027027027,1.864864865,7.297297297,6.324324324,1.945945946,0.176470588,0.152941176,6.741335814,59.8352014,167.1257014,,0,0,1,3,0,0,7,1
2025,2025-10-04,NC,임상현,3835450,,,1,35.9,1,8,2,0,3,0,2,2,12773.66667,4.322564651,3.444038517,18,18,5,0,27,0,0,0.375,12.44403852,24.25751408,412.2433967,,0,0,0,0,0,0,1,0
2025,2025-10-04,NC,임정호,958813,,,31,1455.4,18.66666667,88,18,3,13,15,13,10,12773.66667,4.322564651,3.444038517,4.821428571,6.267857143,1.660714286,7.232142857,6.267857143,1.446428571,0.170454545,0.147727273,6.015467088,90.5613859,110.4223384,,0,0,1,1,0,4,3,1
2025,2025-10-04,NC,임지민,3637847,중계,,7,341.8,4.666666667,20,1,0,5,7,2,2,12773.66667,4.322564651,3.444038517,3.857142857,3.857142857,1.285714286,13.5,9.642857143,0,0.35,0.25,3.658324231,113.2017324,88.33787072,,0,0,0,1,0,1,0,0
2025,2025-10-04,NC,전사민,2514541,,,74,3533.1,82.33333333,370,86,3,44,62,45,39,12773.66667,4.322564651,3.444038517,4.263157895,4.91902834,1.578947368,6.777327935,4.809716599,0.327935223,0.167567568,0.118918919,4.014888719,102.420615,97.63659396,,0,0,7,7,2,13,12,2
2025,2025-10-04,NC,조민석,3198279,,,6,254.9,13,61,12,3,13,4,10,10,12773.66667,4.322564651,3.444038517,6.923076923,6.923076923,1.923076923,2.769230769,9,2.076923077,0.06557377,0.213114754,8.828653901,63.06953661,158.5551526,,0,0,0,1,0,0,2,0
2025,2025-10-04,NC,최성영,1454565,,,35,1597.5,47.66666667,228,62,6,31,33,33,33,12773.66667,4.322564651,3.444038517,6.230769231,6.230769231,1.951048951,6.230769231,5.853146853,1.132867133,0.144736842,0.135964912,5.64683572,70.0772629,142.6996373,,0,0,2,2,0,4,13,2
2025,2025-10-04,NC,최우석,4070493,,,12,532.3,14.33333333,75,23,1,9,15,16,13,12773.66667,4.322564651,3.444038517,8.162790698,10.04651163,2.23255814,9.418604651,5.651162791,0.627906977,0.2,0.12,4.141712935,53.49092848,186.9475869,,0,0,0,0,0,0,5,0
2025,2025-10-04,NC,하준영,1935744,,,10,457,5.333333333,33,10,0,7,5,4,4,12773.66667,4.322564651,3.444038517,6.75,6.75,3.1875,8.4375,11.8125,0,0.151515152,0.212121212,5.506538517,64.68670421,154.5912738,,0,0,1,1,0,1,4,0
2025,2025-10-04,SSG,김건우,2851319,,,35,1705,66,301,53,2,56,68,31,28,12773.66667,4.322564651,3.444038517,3.818181818,4.227272727,1.651515152,9.272727273,7.636363636,0.272727273,0.225913621,0.186046512,4.322826396,116.4482083,85.87508684,,0,0,5,4,0,2,14,0
2025,2025-10-04,SSG,김광현,142885,선발,패,28,1367.2,144,636,164,13,54,138,86,80,12773.66667,4.322564651,3.444038517,5,5.375,1.513888889,8.625,3.375,0.8125,0.216981132,0.08490566,3.825982961,88.92408634,112.4554709,,0,0,10,10,0,0,28,1
2025,2025-10-04,SSG,김민,1797467,,,70,3406.5,63.66666667,266,60,7,23,65,23,21,12773.66667,4.322564651,3.444038517,2.968586387,3.251308901,1.303664921,9.188481675,3.251308901,0.989528796,0.244360902,0.086466165,3.915242705,149.7751366,66.766756,,0,0,5,2,1,22,7,0
2025,2025-10-04,SSG,김성민,2828627,중계,,2,93.8,0.666666667,4,0,0,2,0,0,0,12773.66667,4.322564651,3.444038517,0,0,3,0,27,0,0,0.5,12.44403852,0,0,,0,0,1,0,0,0,0,0
2025,2025-10-04,SSG,김택형,1240604,,,25,1216,22.66666667,95,19,0,13,14,7,7,12773.66667,4.322564651,3.444038517,2.779411765,2.779411765,1.411764706,5.558823529,5.161764706,0,0.147368421,0.136842105,3.929332634,159.9692558,62.51201174,,0,0,0,0,0,1,6,0
2025,2025-10-04,SSG,노경은,316925,,,77,3827.8,80,320,60,2,28,68,22,19,12773.66667,4.322564651,3.444038517,2.1375,2.475,1.1,7.65,3.15,0.225,0.2125,0.0875,3.119038517,208.0095587,48.07471379,,0,0,3,6,3,35,10,0
2025,2025-10-04,SSG,문승원,725147,,,23,1074.2,105.3333333,452,109,16,43,61,61,60,12773.66667,4.322564651,3.444038517,5.126582278,5.212025316,1.443037975,5.212025316,3.674050633,1.367088608,0.134955752,0.095132743,5.485177757,86.72842989,115.3024448,,0,0,4,7,0,0,23,3
2025,2025-10-04,SSG,박기호,4071357,중계,,18,846.2,24,110,23,3,20,13,10,8,12773.66667,4.322564651,3.444038517,3,3.75,1.791666667,4.875,7.5,1.125,0.118181818,0.181818182,6.485705183,148.2068106,67.47328252,,0,0,0,0,0,2,2,0
2025,2025-10-04,SSG,박시후,3238123,,,52,2484.3,52.33333333,231,45,5,34,34,24,19,12773.66667,4.322564651,3.444038517,3.267515924,4.127388535,1.50955414,5.847133758,5.847133758,0.859872611,0.147186147,0.147186147,5.335758262,136.0729196,73.49000835,,0,0,6,2,0,3,3,0
2025,2025-10-04,SSG,박종훈,900688,,,5,189.5,19,90,15,4,23,10,17,15,12773.66667,4.322564651,3.444038517,7.105263158,8.052631579,2,4.736842105,10.89473684,1.894736842,0.111111111,0.255555556,8.75982799,62.57620891,159.8051428,,0,0,0,2,0,0,1,0
2025,2025-10-04,SSG,서진용,550673,,,2,89.8,1.333333333,7,1,0,3,0,1,1,12773.66667,4.322564651,3.444038517,6.75,6.75,3,0,20.25,0,0,0.428571429,10.19403852,65.86969358,151.8148857,,0,0,0,0,0,0,0,0
2025,2025-10-04,SSG,송영진,3611894,,,21,923.4,63.33333333,288,77,10,34,40,45,41,12773.66667,4.322564651,3.444038517,5.826315789,6.394736842,1.752631579,5.684210526,4.831578947,1.421052632,0.138888889,0.118055556,5.844038517,76.31244988,131.0402171,,0,0,2,5,0,0,5,1
2025,2025-10-04,SSG,신지환,4090893,중계,,1,50.9,1,4,0,0,1,1,0,0,12773.66667,4.322564651,3.444038517,0,0,1,9,9,0,0.25,0.25,4.444038517,0,0,,0,0,0,0,0,0,0,0
2025,2025-10-04,SSG,앤더슨,3802368,,,30,1866.5,171.6666667,694,121,13,60,245,53,43,12773.66667,4.322564651,3.444038517,2.254368932,2.778640777,1.054368932,12.84466019,3.145631068,0.681553398,0.353025937,0.086455331,2.622679293,197.2261174,50.70322395,,0,0,12,7,0,0,17,1
2025,2025-10-04,SSG,이로운,3611909,,,75,3718.5,77,305,56,7,26,66,19,17,12773.66667,4.322564651,3.444038517,1.987012987,2.220779221,1.064935065,7.714285714,3.038961039,0.818181818,0.216393443,0.085245902,3.924557997,223.7632238,44.69009621,,0,0,6,5,1,33,4,1
2025,2025-10-04,SSG,전영준,3226570,,,34,1641.6,52.66666667,228,48,5,31,55,28,27,12773.66667,4.322564651,3.444038517,4.613924051,4.784810127,1.5,9.398734177,5.297468354,0.85443038,0.24122807,0.135964912,4.355430922,96.3649221,103.7722003,,0,0,1,5,0,0,9,0
2025,2025-10-04,SSG,정동윤,1808824,중계,,12,541.8,17.33333333,82,21,2,12,17,16,16,12773.66667,4.322564651,3.444038517,8.307692308,8.307692308,1.903846154,8.826923077,6.230769231,1.038461538,0.207317073,0.146341463,5.059423132,53.51912604,186.84909,,0,0,0,0,0,0,6,0
2025,2025-10-04,SSG,조병현,3057021,,,69,3473.6,67.33333333,255,42,5,18,79,13,12,12773.66667,4.322564651,3.444038517,1.603960396,1.737623762,0.891089109,10.55940594,2.405940594,0.668316832,0.309803922,0.070588235,2.864830596,277.2016272,36.07482432,,0,0,5,4,30,0,7,0
2025,2025-10-04,SSG,최민준,2011758,,,40,1911.5,65.66666667,287,72,6,27,44,34,29,12773.66667,4.322564651,3.444038517,3.974619289,4.659898477,1.507614213,6.030456853,3.700507614,0.822335025,0.153310105,0.094076655,4.525256791,111.8649107,89.39353673,,0,0,2,2,0,1,7,0
2025,2025-10-04,SSG,최현석,3913859,,,13,588.2,17.33333333,77,21,5,8,11,13,12,12773.66667,4.322564651,3.444038517,6.230769231,6.75,1.673076923,5.711538462,4.153846154,2.596153846,0.142857143,0.103896104,7.309423132,71.35883472,140.1368175,,0,0,0,0,0,0,2,0
2025,2025-10-04,SSG,한두솔,3213242,,,44,2074.1,36.33333333,169,46,1,20,27,22,20,12773.66667,4.322564651,3.444038517,4.95412844,5.449541284,1.816513761,6.688073394,4.95412844,0.247706422,0.159763314,0.118343195,3.966974297,89.74745751,111.4237693,,0,0,2,0,1,3,5,0
2025,2025-10-04,SSG,화이트,3920646,,,24,1365.6,134.6666667,562,111,9,52,137,51,43,12773.66667,4.322564651,3.444038517,2.873762376,3.408415842,1.21039604,9.155940594,3.475247525,0.601485149,0.243772242,0.09252669,3.436612774,154.7171873,64.63406023,,1,0,11,4,0,0,17,2
2025,2025-10-04,두산,고효준,43568,,,45,2094.5,21,104,29,4,15,19,16,16,12773.66667,4.322564651,3.444038517,6.857142857,6.857142857,2.095238095,8.142857143,6.428571429,1.714285714,0.182692308,0.144230769,6.253562326,60.10765743,166.3681539,,0,0,2,1,0,9,2,1
2025,2025-10-04,두산,곽빈,1791887,,,19,1020.6,109.3333333,465,96,9,43,107,55,51,12773.66667,4.322564651,3.444038517,4.198170732,4.527439024,1.271341463,8.807926829,3.539634146,0.740853659,0.230107527,0.092473118,3.736721444,98.17771123,101.8561125,,0,0,5,7,0,0,23,3
2025,2025-10-04,두산,김명신,1341516,,,8,364.7,8.333333333,43,13,0,4,6,8,5,12773.66667,4.322564651,3.444038517,5.4,8.64,2.04,6.48,4.32,0,0.139534884,0.093023256,3.444038517,76.32718403,131.0149212,,0,0,0,0,0,0,3,1
2025,2025-10-04,두산,김민규,1962787,,,7,324.3,9.666666667,47,9,1,10,6,5,5,12773.66667,4.322564651,3.444038517,4.655172414,4.655172414,1.965517241,5.586206897,9.310344828,0.931034483,0.127659574,0.212765957,6.650935068,88.53953348,112.9438976,,0,0,1,1,0,0,3,0
2025,2025-10-04,두산,김유성,3622502,,,7,298.8,17.33333333,85,17,3,18,22,17,17,12773.66667,4.322564651,3.444038517,8.826923077,8.826923077,2.019230769,11.42307692,9.346153846,1.557692308,0.258823529,0.211764706,6.270961594,46.69427729,214.1590058,,0,0,0,2,0,0,2,0
2025,2025-10-04,두산,김정우,1797508,,,18,844.7,21,103,26,1,12,13,12,9,12773.66667,4.322564651,3.444038517,3.857142857,5.142857143,1.80952381,5.571428571,5.142857143,0.428571429,0.126213592,0.116504854,4.539276612,106.8580576,93.58208656,,0,0,0,0,1,1,4,0
2025,2025-10-04,두산,김택연,3780705,,,64,3128.1,66.33333333,281,47,6,36,79,31,26,12773.66667,4.322564651,3.444038517,3.527638191,4.206030151,1.251256281,10.71859296,4.884422111,0.814070352,0.28113879,0.128113879,3.86614907,116.8393048,85.58763695,,0,0,4,5,24,0,6,0
2025,2025-10-04,두산,김한중,4071411,,,2,98.8,2,8,1,0,0,0,1,0,12773.66667,4.322564651,3.444038517,0,4.5,0.5,0,0,0,0,0,3.444038517,0,0,,0,0,0,0,0,0,1,0
2025,2025-10-04,두산,김호준,3635600,,,19,872.6,10.66666667,54,14,2,7,7,11,8,12773.66667,4.322564651,3.444038517,6.75,9.28125,1.96875,5.90625,5.90625,1.6875,0.12962963,0.12962963,6.537788517,61.06174723,163.7686515,,0,0,0,1,0,1,3,0
2025,2025-10-04,두산,박신지,1953587,,,54,2603.6,60,264,55,3,34,36,24,19,12773.66667,4.322564651,3.444038517,2.85,3.6,1.483333333,5.4,5.1,0.45,0.136363636,0.128787879,4.594038517,144.6199276,69.14676396,,0,0,2,4,0,5,15,3
2025,2025-10-04,두산,박정수,1591976,,,29,1379.1,26.33333333,119,31,1,12,15,13,12,12773.66667,4.322564651,3.444038517,4.101265823,4.443037975,1.632911392,5.126582278,4.101265823,0.341772152,0.12605042,0.100840336,4.165557504,100.497459,99.50500343,,0,0,1,0,0,3,3,1
2025,2025-10-04,두산,박치국,1747365,,,73,3504.7,62.33333333,271,58,4,28,57,35,26,12773.66667,4.322564651,3.444038517,3.754010695,5.053475936,1.379679144,8.229946524,4.042780749,0.577540107,0.210332103,0.103321033,3.796979693,109.7937186,91.07989173,,0,0,4,4,2,16,15,0
2025,2025-10-04,두산,양재훈,4011537,,,19,925.6,23.33333333,93,19,3,8,19,11,11,12773.66667,4.322564651,3.444038517,4.242857143,4.242857143,1.157142857,7.328571429,3.085714286,1.157142857,0.204301075,0.086021505,4.515467088,97.14368877,102.9402952,,0,0,0,0,1,0,4,0
2025,2025-10-04,두산,윤태호,4078875,,,10,476,17.33333333,73,16,2,5,16,14,13,12773.66667,4.322564651,3.444038517,6.75,7.269230769,1.211538462,8.307692308,2.596153846,1.038461538,0.219178082,0.068493151,3.963269286,61.06174723,163.7686515,,0,0,0,1,0,1,6,0
2025,2025-10-04,두산,이교훈,2745472,,,10,491.5,7.666666667,29,4,0,5,7,2,1,12773.66667,4.322564651,3.444038517,1.173913043,2.347826087,1.173913043,8.217391304,5.869565217,0,0.24137931,0.172413793,3.574473299,351.1050465,28.4815046,,0,0,1,0,0,0,1,0
2025,2025-10-04,두산,이병헌,3280803,,,22,1037.3,13,56,11,1,10,9,9,9,12773.66667,4.322564651,3.444038517,6.230769231,6.230769231,1.615384615,6.230769231,6.923076923,0.692307692,0.160714286,0.178571429,5.36711544,66.15022616,151.1710629,,0,0,0,0,0,4,1,0
2025,2025-10-04,두산,이영하,1766723,,,73,3501.2,66.66666667,299,63,4,45,72,33,30,12773.66667,4.322564651,3.444038517,4.05,4.455,1.62,9.72,6.075,0.54,0.240802676,0.150501672,4.089038517,101.7695787,98.26119089,,0,0,4,4,0,14,10,0
2025,2025-10-04,두산,잭로그,3935293,,,30,1736,176,722,146,8,56,156,66,55,12773.66667,4.322564651,3.444038517,2.8125,3.375,1.147727273,7.977272727,2.863636364,0.409090909,0.216066482,0.077562327,3.216765789,146.5481933,68.23693812,,0,0,10,8,0,1,25,4
2025,2025-10-04,두산,제환유,3699646,,,6,267.9,16.33333333,78,17,2,13,8,10,9,12773.66667,4.322564651,3.444038517,4.959183673,5.510204082,1.836734694,4.408163265,7.163265306,1.102040816,0.102564103,0.166666667,6.444038517,83.11182261,120.3198256,,0,0,0,1,0,0,1,0
2025,2025-10-04,두산,최민석,4000964,,,17,835.3,77.66666667,333,72,7,39,53,41,38,12773.66667,4.322564651,3.444038517,4.403433476,4.751072961,1.429184549,6.141630901,4.519313305,0.811158798,0.159159159,0.117117117,4.757343238,93.60123094,106.8362018,,0,0,3,3,0,0,15,1
2025,2025-10-04,두산,최승용,2998539,,,23,1146.7,116.3333333,507,121,8,42,71,60,57,12773.66667,4.322564651,3.444038517,4.40974212,4.641833811,1.401146132,5.492836676,3.249283668,0.618911175,0.140039448,0.082840237,4.200485508,93.4673236,106.9892623,,0,0,5,7,0,0,20,4
2025,2025-10-04,두산,최원준,1890246,,,47,2228.3,107,456,105,18,42,62,59,56,12773.66667,4.322564651,3.444038517,4.710280374,4.962616822,1.373831776,5.214953271,3.53271028,1.514018692,0.135964912,0.092105263,5.649645993,87.50366455,114.2809281,,0,0,4,7,0,9,17,2
2025,2025-10-04,두산,최종인,908866,,,3,143.7,1.666666667,9,1,0,3,5,1,1,12773.66667,4.322564651,3.444038517,5.4,5.4,2.4,27,16.2,0,0.555555556,0.333333333,2.844038517,76.32718403,131.0149212,,0,0,0,0,0,0,0,0
2025,2025-10-04,두산,최준호,3813243,,,9,390.6,16,74,18,4,11,11,15,15,12773.66667,4.322564651,3.444038517,8.4375,8.4375,1.8125,6.1875,6.1875,2.25,0.148648649,0.148648649,7.381538517,48.84939778,204.7108143,,0,0,1,2,0,0,5,0
2025,2025-10-04,두산,최지강,3272934,,,39,1834.6,32.66666667,149,41,3,15,38,25,23,12773.66667,4.322564651,3.444038517,6.336734694,6.887755102,1.714285714,10.46938776,4.132653061,0.826530612,0.255033557,0.100671141,3.688936476,65.04403509,153.7419993,,0,0,2,5,0,5,5,0
2025,2025-10-04,두산,콜어빈,3920345,,,28,1352.2,144.6666667,649,142,9,97,128,80,72,12773.66667,4.322564651,3.444038517,4.479262673,4.976958525,1.652073733,7.963133641,6.034562212,0.559907834,0.197226502,0.149460709,4.494729761,92.01666075,108.6759715,,0,0,8,12,0,0,26,3
2025,2025-10-04,두산,홍건희,606775,,,20,922,16,83,18,2,15,15,13,11,12773.66667,4.322564651,3.444038517,6.1875,7.3125,2.0625,8.4375,8.4375,1.125,0.180722892,0.180722892,6.006538517,66.61281516,150.1212639,,0,0,2,1,0,0,1,0
2025,2025-10-04,두산,홍민규,3988778,,,20,936,33.33333333,151,37,4,16,17,19,17,12773.66667,4.322564651,3.444038517,4.59,5.13,1.59,4.59,4.32,1.08,0.112582781,0.105960265,5.424038517,89.7966871,111.362683,,0,0,2,1,1,0,6,0
2025,2025-10-04,롯데,감보아,3992495,,,19,1017.6,108,475,97,6,53,117,54,43,12773.66667,4.322564651,3.444038517,3.583333333,4.5,1.388888889,9.75,4.416666667,0.5,0.246315789,0.111578947,3.471816295,126.8184639,78.85287122,,0,0,7,8,0,0,16,0
2025,2025-10-04,롯데,구승민,1148985,,,11,503.9,9,45,9,1,8,10,10,7,12773.66667,4.322564651,3.444038517,7,10,1.888888889,10,8,1,0.222222222,0.177777778,5.332927406,64.91897556,154.038167,,0,0,0,1,0,1,1,1
2025,2025-10-04,롯데,김강현,2828124,,,67,3194.8,72,306,69,9,28,36,37,32,12773.66667,4.322564651,3.444038517,4,4.625,1.347222222,4.5,3.5,1.125,0.117647059,0.091503268,5.235705183,113.6082072,88.02180973,,0,0,2,2,0,4,15,1
2025,2025-10-04,롯데,김상수,299577,,,45,2093,36.66666667,180,48,4,21,27,26,26,12773.66667,4.322564651,3.444038517,6.381818182,6.381818182,1.881818182,6.627272727,5.154545455,0.981818182,0.15,0.116666667,5.10767488,71.20742333,140.4347964,,0,0,0,1,2,3,10,0
2025,2025-10-04,롯데,김원중,836135,,,53,2589.2,60.66666667,272,58,4,35,69,21,18,12773.66667,4.322564651,3.444038517,2.67032967,3.115384615,1.532967033,10.23626374,5.192307692,0.593406593,0.253676471,0.128676471,3.75722533,170.1785491,58.76181254,,0,0,4,3,32,0,11,2
2025,2025-10-04,롯데,김진욱,2865932,,,14,553.1,27,136,42,10,18,24,32,30,12773.66667,4.322564651,3.444038517,10,10.66666667,2.222222222,8,6,3.333333333,0.176470588,0.132352941,8.481075554,45.44328289,220.0545243,,0,0,1,3,0,0,6,0
2025,2025-10-04,롯데,김태현,4072787,,,1,42.4,2,12,1,0,4,2,2,1,12773.66667,4.322564651,3.444038517,4.5,9,2.5,9,18,0,0.166666667,0.333333333,7.444038517,100.9850731,99.02453595,,0,0,0,0,0,0,0,0
2025,2025-10-04,롯데,나균안,1747364,,,28,1412.2,137.3333333,601,143,13,55,116,67,59,12773.66667,4.322564651,3.444038517,3.866504854,4.390776699,1.441747573,7.601941748,3.604368932,0.851941748,0.193011647,0.091514143,4.186756963,117.53065,85.08418865,,0,0,3,7,0,0,23,3
2025,2025-10-04,롯데,데이비슨,3931924,,,22,1165.8,123.3333333,529,123,10,53,119,53,50,12773.66667,4.322564651,3.444038517,3.648648649,3.867567568,1.427027027,8.683783784,3.867567568,0.72972973,0.224952741,0.100189036,3.85755203,124.5482568,80.29016428,,0,0,10,5,0,0,20,2
2025,2025-10-04,롯데,박세웅,967170,,,29,1406.6,160.6666667,722,183,15,62,156,99,88,12773.66667,4.322564651,3.444038517,4.929460581,5.545643154,1.524896266,8.738589212,3.473029046,0.840248963,0.216066482,0.085872576,3.873499098,92.18713111,108.4750103,,0,0,11,13,0,0,46,1
2025,2025-10-04,롯데,박세현,4011440,,,3,120.7,3.666666667,21,8,1,2,4,6,6,12773.66667,4.322564651,3.444038517,14.72727273,14.72727273,2.727272727,9.818181818,4.909090909,2.454545455,0.19047619,0.095238095,6.444038517,30.85655011,324.0802995,,0,0,0,0,0,0,5,0
2025,2025-10-04,롯데,박시영,451182,,,11,497.4,7.333333333,42,9,0,11,10,9,9,12773.66667,4.322564651,3.444038517,11.04545455,11.04545455,2.727272727,12.27272727,13.5,0,0.238095238,0.261904762,5.216765789,41.14206681,243.0602246,,0,0,1,0,0,0,4,0
2025,2025-10-04,롯데,박준우,4070581,,,11,498.9,12.33333333,64,21,0,7,11,11,11,12773.66667,4.322564651,3.444038517,8.027027027,8.027027027,2.27027027,8.027027027,5.108108108,0,0.171875,0.109375,3.362957436,56.612844,176.6383614,,0,0,1,2,0,1,3,1
2025,2025-10-04,롯데,박진,2507241,,,51,2415.4,69.33333333,302,76,10,23,50,42,41,12773.66667,4.322564651,3.444038517,5.322115385,5.451923077,1.427884615,6.490384615,2.985576923,1.298076923,0.165562914,0.07615894,4.871923132,85.38575285,117.1155569,,0,0,3,3,1,3,10,3
2025,2025-10-04,롯데,박진형,1614085,,,7,311.8,5.333333333,29,9,1,3,5,7,5,12773.66667,4.322564651,3.444038517,8.4375,11.8125,2.25,8.4375,5.0625,1.6875,0.172413793,0.103448276,5.694038517,53.85870565,185.6710049,,0,0,0,0,0,0,3,0
2025,2025-10-04,롯데,반즈,3129394,,,8,381.7,45.66666667,204,47,4,19,38,31,27,12773.66667,4.322564651,3.444038517,5.321167883,6.109489051,1.445255474,7.489051095,3.744525547,0.788321168,0.18627451,0.093137255,4.166666254,85.40095687,117.0947067,,0,0,3,4,0,0,14,2
2025,2025-10-04,롯데,벨라스케즈,4068026,,,11,446.9,35,168,47,7,21,28,32,32,12773.66667,4.322564651,3.444038517,8.228571429,8.228571429,1.942857143,7.2,5.4,1.8,0.166666667,0.125,6.244038517,55.22621184,181.0734372,,0,0,1,4,0,0,10,1
2025,2025-10-04,롯데,송재영,2976784,,,46,2192.9,27,121,19,3,24,28,13,12,12773.66667,4.322564651,3.444038517,4,4.333333333,1.592592593,9.333333333,8,1,0.231404959,0.198347107,5.481075554,113.6082072,88.02180973,,0,0,1,0,0,3,4,0
2025,2025-10-04,롯데,심재민,959348,,,4,187.1,3,15,5,0,1,2,2,1,12773.66667,4.322564651,3.444038517,3,6,2,6,3,0,0.133333333,0.066666667,3.110705183,151.4776096,66.0163573,,0,0,1,0,0,0,1,0
2025,2025-10-04,롯데,윤성빈,1940607,,,31,1453.9,27,130,26,3,24,44,23,23,12773.66667,4.322564651,3.444038517,7.666666667,7.666666667,1.851851852,14.66666667,8,1,0.338461538,0.184615385,4.295890369,59.27384725,168.7084687,,0,0,1,2,0,0,7,0
2025,2025-10-04,롯데,이민석,3246699,,,20,870,87.33333333,417,104,10,58,61,56,51,12773.66667,4.322564651,3.444038517,5.255725191,5.770992366,1.854961832,6.286259542,5.977099237,1.030534351,0.146282974,0.139088729,5.528007982,86.46434362,115.6546107,,0,0,2,5,0,0,13,2
2025,2025-10-04,롯데,이영재,4070577,,,3,131.2,2,11,5,1,1,2,2,2,12773.66667,4.322564651,3.444038517,9,9,3,9,4.5,4.5,0.181818182,0.090909091,9.444038517,50.49253654,198.0490719,,0,0,0,0,0,0,1,0
2025,2025-10-04,롯데,정성종,1966018,,,2,92.3,2.333333333,10,3,1,0,0,1,1,12773.66667,4.322564651,3.444038517,3.857142857,3.857142857,1.285714286,0,0,3.857142857,0,0,9.015467088,117.8159186,84.87817367,,0,0,0,0,0,0,1,0
2025,2025-10-04,롯데,정우준,988148,,,3,140.2,3.333333333,16,6,0,1,3,2,2,12773.66667,4.322564651,3.444038517,5.4,5.4,2.1,8.1,2.7,0,0.1875,0.0625,2.544038517,84.15422757,118.8294431,,0,0,0,0,0,0,3,0
2025,2025-10-04,롯데,정철원,3213352,,,75,3593,70,312,72,4,35,55,34,33,12773.66667,4.322564651,3.444038517,4.242857143,4.371428571,1.528571429,7.071428571,4.5,0.514285714,0.176282051,0.112179487,4.115467088,107.1053805,93.36599104,,0,0,8,3,0,21,13,1
2025,2025-10-04,롯데,정현수,3795035,,,82,3939.3,47.66666667,203,34,4,28,47,23,21,12773.66667,4.322564651,3.444038517,3.965034965,4.342657343,1.300699301,8.874125874,5.286713287,0.755244755,0.231527094,0.137931034,4.325157398,114.6100433,87.25238832,,0,0,2,0,0,12,9,0
2025,2025-10-04,롯데,최준용,2790445,,,49,2360.1,54.33333333,234,50,5,22,62,35,32,12773.66667,4.322564651,3.444038517,5.300613497,5.797546012,1.325153374,10.26993865,3.644171779,0.828220859,0.264957265,0.094017094,3.572872873,85.73211934,116.6423982,,0,0,4,4,1,17,9,1
2025,2025-10-04,롯데,한현희,715601,,,3,131.2,8.666666667,41,13,2,3,8,6,6,12773.66667,4.322564651,3.444038517,6.230769231,6.230769231,1.846153846,8.307692308,3.115384615,2.076923077,0.195121951,0.073170732,5.636346209,72.9336639,137.1108959,,0,0,0,0,0,1,2,0
2025,2025-10-04,롯데,홍민기,3069688,,,25,1255,32,129,24,0,13,39,13,11,12773.66667,4.322564651,3.444038517,3.09375,3.65625,1.15625,10.96875,3.65625,0,0.302325581,0.100775194,2.225288517,146.887379,68.07936846,,0,0,0,2,0,3,5,1
2025,2025-10-04,삼성,가라비토,4034973,,,15,832.5,78.33333333,327,56,6,43,84,31,23,12773.66667,4.322564651,3.444038517,2.642553191,3.561702128,1.263829787,9.65106383,4.940425532,0.689361702,0.256880734,0.131498471,3.941910857,170.5005781,58.65082754,,0,0,4,4,0,0,5,0
2025,2025-10-04,삼성,김대우,714607,,,2,95.8,0.666666667,3,1,0,0,0,0,0,12773.66667,4.322564651,3.444038517,0,0,1.5,0,0,0,0,0,3.444038517,0,0,,0,0,0,0,0,1,1,0
2025,2025-10-04,삼성,김대호,4013124,,,11,501.9,21,105,25,3,16,19,13,12,12773.66667,4.322564651,3.444038517,5.142857143,5.571428571,1.952380952,8.142857143,6.857142857,1.285714286,0.180952381,0.152380952,5.77737185,87.60827575,114.1444677,,0,0,0,1,0,0,6,0
2025,2025-10-04,삼성,김재윤,1146363,,,63,3004.7,57.66666667,242,57,10,14,43,34,32,12773.66667,4.322564651,3.444038517,4.994219653,5.306358382,1.231213873,6.710982659,2.184971098,1.560693642,0.17768595,0.05785124,4.935367997,90.21566491,110.8454946,,0,0,4,7,13,3,12,2
2025,2025-10-04,삼성,김태훈,715622,,,73,3510.7,66.33333333,287,66,8,28,74,34,33,12773.66667,4.322564651,3.444038517,4.477386935,4.613065327,1.417085427,10.04020101,3.798994975,1.085427136,0.257839721,0.097560976,4.047053592,100.6294192,99.37451772,,0,0,2,6,2,19,13,0
2025,2025-10-04,삼성,레예스,3741609,,,10,504,50,215,51,5,15,35,26,23,12773.66667,4.322564651,3.444038517,4.14,4.68,1.32,6.3,2.7,0.9,0.162790698,0.069767442,4.244038517,108.8301562,91.88629648,,0,0,4,3,0,0,7,1
2025,2025-10-04,삼성,배찬승,3976074,중계,홀드,65,3107,50.66666667,233,50,3,36,57,25,22,12773.66667,4.322564651,3.444038517,3.907894737,4.440789474,1.697368421,10.125,6.394736842,0.532894737,0.244635193,0.154506438,4.095354306,115.2940079,86.73477643,,0,0,2,3,0,19,11,0
2025,2025-10-04,삼성,백정현,299512,,,29,1470.1,32.33333333,128,19,1,9,31,7,7,12773.66667,4.322564651,3.444038517,1.948453608,1.948453608,0.865979381,8.628865979,2.505154639,0.278350515,0.2421875,0.0703125,2.763626146,231.23817,43.24545554,,0,0,2,0,1,3,6,0
2025,2025-10-04,삼성,송은범,254720,,,5,233,6,28,9,0,3,2,3,3,12773.66667,4.322564651,3.444038517,4.5,4.5,2,3,4.5,0,0.071428571,0.107142857,4.27737185,100.1237437,99.87640922,,0,0,0,0,0,0,2,0
2025,2025-10-04,삼성,양창섭,1883147,,,33,1603.7,63,276,67,3,28,45,29,24,12773.66667,4.322564651,3.444038517,3.428571429,4.142857143,1.507936508,6.428571429,4,0.428571429,0.163043478,0.101449275,3.967848041,131.4124136,76.09631179,,0,0,3,3,0,2,10,0
2025,2025-10-04,삼성,양현,723394,중계,,4,195.6,3.333333333,15,2,0,3,1,0,0,12773.66667,4.322564651,3.444038517,0,0,1.5,2.7,8.1,0,0.066666667,0.2,5.544038517,0,0,,0,0,0,0,0,0,0,0
2025,2025-10-04,삼성,오승환,38249,,,12,552.3,9,45,15,1,3,7,8,8,12773.66667,4.322564651,3.444038517,8,8,2,7,3,1,0.155555556,0.066666667,4.332927406,56.31960584,177.5580608,,0,0,0,0,0,0,5,0
2025,2025-10-04,삼성,원태인,2485589,,,27,1479.8,166.6666667,671,157,20,33,108,66,60,12773.66667,4.322564651,3.444038517,3.24,3.564,1.14,5.832,1.782,1.08,0.1609538,0.049180328,4.302038517,139.0607552,71.91101464,,0,0,12,4,0,0,32,2
2025,2025-10-04,삼성,육선엽,3805547,선발,,27,1254.8,28.66666667,133,23,4,24,19,21,17,12773.66667,4.322564651,3.444038517,5.337209302,6.593023256,1.639534884,5.965116279,7.534883721,1.255813953,0.142857143,0.180451128,6.444038517,84.41805843,118.4580668,,0,0,0,1,0,1,3,0
2025,2025-10-04,삼성,이상민,958557,,,1,48.9,1,5,2,0,0,1,0,0,12773.66667,4.322564651,3.444038517,0,0,2,9,0,0,0.2,0,1.444038517,0,0,,0,0,0,0,0,0,0,0
2025,2025-10-04,삼성,이승민,2724622,중계,,62,2970.3,64.33333333,280,61,5,29,53,37,27,12773.66667,4.322564651,3.444038517,3.777202073,5.176165803,1.398963731,7.414507772,4.056994819,0.699481865,0.189285714,0.103571429,4.159064423,119.2832255,83.83408442,,0,0,3,2,0,8,15,2
2025,2025-10-04,삼성,이승현,719985,,,42,1956.3,35.66666667,161,43,9,12,29,26,25,12773.66667,4.322564651,3.444038517,6.308411215,6.560747664,1.542056075,7.317757009,3.028037383,2.271028037,0.180124224,0.074534161,6.107589919,71.42160385,140.0136578,,0,0,2,1,0,11,7,0
2025,2025-10-04,삼성,이승현(좌),2851752,,,25,1131,101.3333333,471,121,10,55,74,64,61,12773.66667,4.322564651,3.444038517,5.417763158,5.684210526,1.736842105,6.572368421,4.884868421,0.888157895,0.157112527,0.116772824,4.894696411,83.16289095,120.24594,,0,0,4,9,0,0,23,2
2025,2025-10-04,삼성,이재익,2783459,중계,,7,347.8,7.333333333,31,8,0,2,6,1,1,12773.66667,4.322564651,3.444038517,1.227272727,1.227272727,1.363636364,7.363636364,2.454545455,0,0.193548387,0.064516129,2.625856699,367.1203936,27.2390207,,0,0,1,0,0,0,0,1
2025,2025-10-04,삼성,이재희,2853461,,,11,537.9,9,39,7,0,5,9,3,3,12773.66667,4.322564651,3.444038517,3,3,1.333333333,9,5,0,0.230769231,0.128205128,3.110705183,150.1856156,66.58427281,,0,0,0,2,0,4,1,1
2025,2025-10-04,삼성,이호성,3611514,,,58,2737.2,55.33333333,252,54,7,31,69,44,39,12773.66667,4.322564651,3.444038517,6.343373494,7.156626506,1.536144578,11.22289157,5.042168675,1.138554217,0.273809524,0.123015873,4.275363818,71.02795494,140.7896371,,0,0,7,4,9,3,7,2
2025,2025-10-04,삼성,임창민,454409,중계,,16,728.9,13,63,17,5,8,6,8,7,12773.66667,4.322564651,3.444038517,4.846153846,5.538461538,1.923076923,4.153846154,5.538461538,3.461538462,0.095238095,0.126984127,9.36711544,92.97204774,107.5592099,,0,0,1,0,0,2,2,0
2025,2025-10-04,삼성,정민성,4070449,,,1,29.9,1,7,3,0,2,0,4,4,12773.66667,4.322564651,3.444038517,36,36,5,0,18,0,0,0.285714286,9.444038517,12.51546796,799.0112738,,0,0,0,1,0,0,2,1
2025,2025-10-04,삼성,최성훈,729728,,,2,93.3,1,5,1,0,1,1,1,1,12773.66667,4.322564651,3.444038517,9,9,2,9,9,0,0.2,0.2,4.444038517,50.06187186,199.7528184,,0,0,0,0,0,0,0,0
2025,2025-10-04,삼성,최원태,1499307,,,27,1298.3,124.3333333,552,128,13,63,109,72,68,12773.66667,4.322564651,3.444038517,4.922252011,5.211796247,1.536193029,7.890080429,4.560321716,0.941018767,0.197463768,0.114130435,4.570043879,91.53469707,109.2481902,,0,0,8,7,0,0,21,0
2025,2025-10-04,삼성,최충연,1466893,중계,,4,150.1,1.666666667,15,7,1,3,1,8,7,12773.66667,4.322564651,3.444038517,37.8,43.2,6,5.4,16.2,5.4,0.066666667,0.2,15.44403852,11.9194933,838.9618375,,0,0,0,0,0,0,1,0
2025,2025-10-04,삼성,홍원표,2867230,중계,패,2,89.8,2,12,3,0,3,1,1,1,12773.66667,4.322564651,3.444038517,4.5,4.5,3,4.5,13.5,0,0.083333333,0.25,6.944038517,100.1237437,99.87640922,,0,0,0,1,0,0,0,0
2025,2025-10-04,삼성,황동재,2710781,,,15,688,20.66666667,104,27,1,16,22,16,16,12773.66667,4.322564651,3.444038517,6.967741935,6.967741935,2.080645161,9.580645161,6.967741935,0.435483871,0.211538462,0.153846154,4.266619162,64.66325115,154.6473433,,0,0,0,1,0,0,2,0
2025,2025-10-04,삼성,후라도,3323118,,,30,1755,197.3333333,786,177,17,40,142,65,57,12773.66667,4.322564651,3.444038517,2.599662162,2.964527027,1.099662162,6.476351351,1.824324324,0.775337838,0.180661578,0.050890585,3.732889868,173.3136149,57.69887154,,3,2,15,8,0,0,17,3
2025,2025-10-04,키움,김동규,3644193,,,9,383.6,8,49,13,2,11,10,11,6,12773.66667,4.322564651,3.444038517,6.75,12.375,3,11.25,12.375,2.25,0.204081633,0.224489796,8.319038517,61.97368329,161.3588134,,0,0,0,0,0,0,1,0
2025,2025-10-04,키움,김서준,3997207,,,4,135.6,5.333333333,34,14,2,5,4,12,12,12773.66667,4.322564651,3.444038517,20.25,20.25,3.5625,6.75,8.4375,3.375,0.117647059,0.147058824,9.631538517,20.65789443,484.0764403,,0,0,0,0,0,0,5,0
2025,2025-10-04,키움,김선기,1830756,,,44,1982.6,78,381,96,6,58,43,55,49,12773.66667,4.322564651,3.444038517,5.653846154,6.346153846,1.974358974,4.961538462,6.692307692,0.692307692,0.112860892,0.152230971,5.572243645,73.98898923,135.1552454,,0,0,1,7,0,2,17,0
2025,2025-10-04,키움,김성민,1750051,,,29,1370.1,25,113,25,1,18,18,15,13,12773.66667,4.322564651,3.444038517,4.68,5.4,1.72,6.48,6.48,0.36,0.159292035,0.159292035,4.684038517,89.38512013,111.875444,,0,0,0,3,0,1,3,3
2025,2025-10-04,키움,김연주,3780714,,,20,852.5,51.66666667,250,67,10,31,28,40,38,12773.66667,4.322564651,3.444038517,6.619354839,6.967741935,1.896774194,4.877419355,5.4,1.741935484,0.112,0.124,6.676296581,63.19684809,158.2357396,,0,0,1,3,0,0,14,2
2025,2025-10-04,키움,김윤하,3800703,,,19,736.6,88,422,113,16,47,52,76,60,12773.66667,4.322564651,3.444038517,6.136363636,7.772727273,1.818181818,5.318181818,4.806818182,1.636363636,0.123222749,0.111374408,6.228129426,68.17105162,146.6898304,,0,0,0,12,0,0,18,2
2025,2025-10-04,키움,로젠버그,3925513,,,13,732.2,75.33333333,320,63,5,29,80,33,27,12773.66667,4.322564651,3.444038517,3.225663717,3.942477876,1.221238938,9.557522124,3.46460177,0.597345133,0.25,0.090625,3.337843826,129.6856706,77.10952147,,0,0,4,4,0,0,13,2
2025,2025-10-04,키움,메르세데스,4064117,,,8,410.7,46.33333333,197,54,5,9,41,24,23,12773.66667,4.322564651,3.444038517,4.467625899,4.661870504,1.35971223,7.964028777,1.748201439,0.971223022,0.208121827,0.045685279,3.659865855,93.63415192,106.7986391,,0,0,3,3,0,0,12,0
2025,2025-10-04,키움,박윤성,3971571,,,54,2553.1,51.66666667,226,55,9,20,40,31,26,12773.66667,4.322564651,3.444038517,4.529032258,5.4,1.451612903,6.967741935,3.483870968,1.567741935,0.17699115,0.088495575,5.321457872,92.36462413,108.2665587,,0,0,0,5,1,6,12,0
2025,2025-10-04,키움,박정훈,4011457,,,16,696.9,23,116,24,1,24,7,24,19,12773.66667,4.322564651,3.444038517,7.434782609,9.391304348,2.086956522,2.739130435,9.391304348,0.391304348,0.060344828,0.206896552,6.530995038,56.26558088,177.7285481,,0,0,0,1,1,0,6,0
2025,2025-10-04,키움,박주성,2484630,,,18,793.2,52,235,63,9,19,26,40,38,12773.66667,4.322564651,3.444038517,6.576923077,6.923076923,1.576923077,4.5,3.288461538,1.557692308,0.110638298,0.080851064,5.790192363,63.60456969,157.221408,,0,0,2,3,0,1,11,2
2025,2025-10-04,키움,손현기,3780708,,,2,68.3,3,18,4,1,7,1,5,5,12773.66667,4.322564651,3.444038517,15,15,3.666666667,3,21,3,0.055555556,0.388888889,14.11070518,27.88815748,358.575141,,0,0,0,0,0,0,1,0
2025,2025-10-04,키움,손힘찬,4013116,,,4,176.6,4,22,5,0,5,4,5,5,12773.66667,4.322564651,3.444038517,11.25,11.25,2.5,9,11.25,0,0.181818182,0.227272727,5.194038517,37.18420997,268.9313557,,0,0,0,0,0,0,2,0
2025,2025-10-04,키움,알칸타라,2301546,,,19,1065.1,121,492,125,11,14,92,50,44,12773.66667,4.322564651,3.444038517,3.272727273,3.719008264,1.148760331,6.842975207,1.041322314,0.818181818,0.18699187,0.028455285,3.45230298,127.8207218,78.23457622,,0,0,8,4,0,0,20,3
2025,2025-10-04,키움,양지율,2528581,,,18,819.2,14,69,18,3,10,10,13,13,12773.66667,4.322564651,3.444038517,8.357142857,8.357142857,2,6.428571429,6.428571429,1.928571429,0.144927536,0.144927536,6.944038517,50.05566727,199.7775786,,0,0,0,2,0,1,1,2
2025,2025-10-04,키움,오석주,2507796,,,53,2554.7,58.33333333,252,52,4,36,44,24,24,12773.66667,4.322564651,3.444038517,3.702857143,3.702857143,1.508571429,6.788571429,5.554285714,0.617142857,0.174603175,0.142857143,4.678324231,112.9728602,88.5168348,,0,0,2,1,0,7,6,1
2025,2025-10-04,키움,원종현,455300,,,61,2851.9,54.33333333,248,68,5,21,40,42,37,12773.66667,4.322564651,3.444038517,6.128834356,6.957055215,1.63803681,6.625766871,3.478527607,0.828220859,0.161290323,0.084677419,4.3274741,68.25479984,146.5098429,,0,0,2,4,5,11,8,2
2025,2025-10-04,키움,웰스,4019624,,,4,221.6,20,85,18,0,7,16,8,7,12773.66667,4.322564651,3.444038517,3.15,3.6,1.25,7.2,3.15,0,0.188235294,0.082352941,2.894038517,132.8007499,75.30077961,,0,0,1,1,0,0,3,0
2025,2025-10-04,키움,윤석원,3663047,,,37,1757.8,37.33333333,160,41,3,14,27,23,23,12773.66667,4.322564651,3.444038517,5.544642857,5.544642857,1.473214286,6.508928571,3.375,0.723214286,0.16875,0.0875,4.167252802,75.44622313,132.5447396,,0,0,1,1,0,8,9,3
2025,2025-10-04,키움,윤현,3977518,,,17,709.8,22,125,31,2,28,15,28,21,12773.66667,4.322564651,3.444038517,8.590909091,11.45454545,2.681818182,6.136363636,11.45454545,0.818181818,0.12,0.224,7.080402153,48.6936083,205.3657626,,0,0,2,1,0,0,4,1
2025,2025-10-04,키움,이강준,2712301,,,29,1337.6,24.66666667,119,29,3,19,26,22,18,12773.66667,4.322564651,3.444038517,6.567567568,8.027027027,1.945945946,9.486486486,6.932432432,1.094594595,0.218487395,0.159663866,5.227822301,63.69517449,156.9977644,,0,0,0,3,0,2,5,0
2025,2025-10-04,키움,이준우,4013110,,,31,1401.9,23,118,37,6,13,22,23,22,12773.66667,4.322564651,3.444038517,8.608695652,9,2.173913043,8.608695652,5.086956522,2.347826087,0.186440678,0.110169492,6.61795156,48.59300167,205.7909505,,0,0,1,4,0,3,7,1
2025,2025-10-04,키움,임진묵,4079736,,,4,144.1,3.666666667,28,10,0,6,3,11,10,12773.66667,4.322564651,3.444038517,24.54545455,27,4.363636364,7.363636364,14.72727273,0,0.107142857,0.214285714,6.716765789,17.0427629,586.7593216,,0,0,0,0,0,0,2,1
2025,2025-10-04,키움,전준표,3780707,,,21,917.9,20.33333333,114,33,2,22,15,22,20,12773.66667,4.322564651,3.444038517,8.852459016,9.737704918,2.704918033,6.639344262,9.737704918,0.885245902,0.131578947,0.192982456,6.493218845,47.25493351,211.618116,,0,0,2,2,0,1,8,0
2025,2025-10-04,키움,정세영,9000031,,,4,159.6,2.666666667,22,9,0,4,2,6,5,12773.66667,4.322564651,3.444038517,16.875,20.25,4.875,6.75,13.5,0,0.090909091,0.181818182,6.444038517,24.78947331,403.3970336,,0,0,0,1,0,0,2,0
2025,2025-10-04,키움,정현우,3977517,,,18,761.2,81.33333333,384,92,8,54,55,63,53,12773.66667,4.322564651,3.444038517,5.864754098,6.971311475,1.795081967,6.086065574,5.975409836,0.885245902,0.143229167,0.140625,5.362071304,71.32820152,140.1970018,,0,0,3,7,0,0,20,0
2025,2025-10-04,키움,조영건,2515484,,,51,2360.9,77.66666667,353,84,12,42,47,51,49,12773.66667,4.322564651,3.444038517,5.678111588,5.909871245,1.622317597,5.446351931,4.86695279,1.39055794,0.133144476,0.11898017,5.864639375,73.67279697,135.7353109,,0,0,5,5,8,7,18,1
2025,2025-10-04,키움,주승우,3277273,,,42,2048.8,44,179,35,7,19,35,13,12,12773.66667,4.322564651,3.444038517,2.454545455,2.659090909,1.227272727,7.159090909,3.886363636,1.431818182,0.195530726,0.106145251,5.216765789,170.427629,58.67593216,,0,0,2,2,16,5,1,0
2025,2025-10-04,키움,하영민,1004269,,,28,1391.2,153.3333333,669,169,13,50,134,90,85,12773.66667,4.322564651,3.444038517,4.989130435,5.282608696,1.42826087,7.865217391,2.934782609,0.763043478,0.200298954,0.074738416,3.776647212,83.84674798,119.2652099,,0,0,7,14,0,0,29,3
2025,2025-10-04,한화,강재민,2723883,,,4,178.6,4,20,6,1,3,5,4,4,12773.66667,4.322564651,3.444038517,9,9,2.25,11.25,6.75,2.25,0.25,0.15,6.444038517,48.98689794,204.1362164,,0,0,0,0,0,0,1,0
2025,2025-10-04,한화,권민규,3976951,,,5,222,5.333333333,28,5,1,7,4,5,5,12773.66667,4.322564651,3.444038517,8.4375,8.4375,2.25,6.75,11.8125,1.6875,0.142857143,0.25,8.319038517,52.25269114,191.3777029,,0,0,0,0,0,0,1,0
2025,2025-10-04,한화,김기중,2853462,,,5,250,14.66666667,66,16,0,7,8,5,5,12773.66667,4.322564651,3.444038517,3.068181818,3.068181818,1.568181818,4.909090909,4.295454545,0,0.121212121,0.106060606,3.784947608,143.6949006,69.59189196,,0,0,0,1,0,0,2,1
2025,2025-10-04,한화,김범수,1110793,,,73,3554.2,48,195,30,0,26,41,17,12,12773.66667,4.322564651,3.444038517,2.25,3.1875,1.166666667,7.6875,4.875,0,0.21025641,0.133333333,3.360705183,195.9475918,51.03405411,,0,0,2,1,2,6,5,0
2025,2025-10-04,한화,김서현,3618453,,,69,3371.6,66,280,52,4,39,71,23,23,12773.66667,4.322564651,3.444038517,3.136363636,3.136363636,1.378787879,9.681818182,5.318181818,0.545454545,0.253571429,0.139285714,3.853129426,140.5710984,71.13837845,,0,0,2,4,33,2,7,3
2025,2025-10-04,한화,김승일,3991148,,,5,209,2.666666667,17,3,1,6,3,7,7,12773.66667,4.322564651,3.444038517,23.625,23.625,3.375,10.125,20.25,3.375,0.176470588,0.352941176,12.81903852,18.66167541,535.8575681,,0,0,0,0,0,0,0,0
2025,2025-10-04,한화,김종수,2094541,,,63,3027.7,63.66666667,282,57,5,40,59,30,23,12773.66667,4.322564651,3.444038517,3.251308901,4.240837696,1.523560209,8.340314136,5.654450262,0.706806283,0.209219858,0.141843972,4.496394538,135.6014131,73.74554415,,0,0,4,5,0,5,17,1
2025,2025-10-04,한화,류현진,68735,,,26,1425.4,139.3333333,574,144,12,29,122,54,50,12773.66667,4.322564651,3.444038517,3.229665072,3.488038278,1.241626794,7.880382775,1.873205742,0.775119617,0.212543554,0.050522648,3.436861483,136.5101556,73.25462312,,0,0,9,7,0,0,22,3
2025,2025-10-04,한화,문동주,3057205,,,24,1326.1,121,501,112,7,34,135,57,54,12773.66667,4.322564651,3.444038517,4.016528926,4.239669421,1.20661157,10.04132231,2.52892562,0.520661157,0.269461078,0.067864271,2.80767488,109.766938,91.10211312,,1,0,11,5,0,0,16,5
2025,2025-10-04,한화,박상원,841120,,,74,3546.6,66.66666667,294,67,4,29,52,35,31,12773.66667,4.322564651,3.444038517,4.185,4.725,1.44,7.02,3.915,0.54,0.176870748,0.098639456,3.969038517,105.3481676,94.92334064,,0,0,4,3,0,16,14,1
2025,2025-10-04,한화,박준영,3225253,,,1,48.9,5,24,3,0,6,3,2,2,12773.66667,4.322564651,3.444038517,3.6,3.6,1.8,5.4,10.8,0,0.125,0.25,5.844038517,122.4672448,81.65448657,,0,0,0,0,0,0,0,0
2025,2025-10-04,한화,엄상백,1113208,,,28,1228.2,80.66666667,379,106,13,46,74,60,59,12773.66667,4.322564651,3.444038517,6.582644628,6.694214876,1.884297521,8.256198347,5.132231405,1.450413223,0.19525066,0.121372032,5.415112897,66.97643673,149.3062409,,0,0,2,7,0,1,18,3
2025,2025-10-04,한화,와이스,3842414,,,30,1800,178.6666667,725,127,13,69,207,63,57,12773.66667,4.322564651,3.444038517,2.871268657,3.173507463,1.097014925,10.42723881,3.475746269,0.654850746,0.285517241,0.095172414,3.23135195,153.5495748,65.12554666,,0,0,16,5,0,0,30,1
2025,2025-10-04,한화,원종혁,9000037,,,2,80.3,1.666666667,10,3,1,2,1,3,3,12773.66667,4.322564651,3.444038517,16.2,16.2,3,5.4,10.8,5.4,0.1,0.2,13.64403852,27.2149433,367.4451896,,0,0,0,0,0,0,0,0
2025,2025-10-04,한화,윤산흠,3069686,,,12,587.8,16.66666667,73,16,1,8,17,7,7,12773.66667,4.322564651,3.444038517,3.78,3.78,1.44,9.18,4.32,0.54,0.232876712,0.109589041,3.624038517,116.6354713,85.7372109,,0,0,0,0,0,0,5,0
2025,2025-10-04,한화,이상규,2559259,,,5,215.5,9,47,16,0,4,5,9,8,12773.66667,4.322564651,3.444038517,8,9,2.222222222,5,4,0,0.106382979,0.085106383,3.666260739,55.11026018,181.4544146,,0,0,0,1,0,0,2,1
2025,2025-10-04,한화,이태양,419526,,,14,667.6,11.33333333,51,14,0,6,8,5,5,12773.66667,4.322564651,3.444038517,3.970588235,3.970588235,1.764705882,6.352941176,4.764705882,0,0.156862745,0.117647059,3.620509105,111.0369687,90.06009548,,0,0,0,1,0,0,5,0
2025,2025-10-04,한화,정우주,3976071,,,51,2532.9,53.66666667,228,34,6,31,82,18,17,12773.66667,4.322564651,3.444038517,2.850931677,3.01863354,1.211180124,13.7515528,5.198757764,1.00621118,0.359649123,0.135964912,3.574473299,154.6449131,64.66426732,,0,0,3,0,0,3,6,1
2025,2025-10-04,한화,조동욱,3814441,,,68,3213.2,60,283,77,4,33,43,29,27,12773.66667,4.322564651,3.444038517,4.05,4.35,1.833333333,6.45,4.95,0.6,0.151943463,0.116607774,4.52737185,108.8597732,91.86129739,,0,0,3,3,2,5,16,0
2025,2025-10-04,한화,주현상,1209146,,,48,2248.7,41.66666667,193,59,8,13,37,25,24,12773.66667,4.322564651,3.444038517,5.184,5.4,1.728,7.992,2.808,1.728,0.191709845,0.067357513,5.100038517,85.04669781,117.5824607,,0,0,5,2,1,3,14,2
2025,2025-10-04,한화,폰세,3931917,,,29,1926.6,180.6666667,697,128,10,47,252,41,38,12773.66667,4.322564651,3.444038517,1.89298893,2.042435424,0.968634686,12.55350554,2.341328413,0.498154982,0.361549498,0.067431851,2.15437062,232.90262,42.93639977,,0,0,17,1,0,0,18,0
2025,2025-10-04,한화,한승혁,606770,,,71,3464.4,64,269,56,4,30,53,18,16,12773.66667,4.322564651,3.444038517,2.25,2.53125,1.34375,7.453125,4.21875,0.5625,0.197026022,0.111524164,4.006538517,195.9475918,51.03405411,,0,0,3,3,3,16,5,1
2025,2025-10-04,한화,황준서,3784562,,,23,1096.2,56,242,54,7,28,57,37,33,12773.66667,4.322564651,3.444038517,5.303571429,5.946428571,1.464285714,9.160714286,4.5,1.125,0.23553719,0.115702479,4.533324231,83.12928135,120.2945561,,0,0,2,8,0,0,11,4
